Tm,2PA_scoring_2010,2PA_scoring_2011,2PA_scoring_2012,2PA_scoring_2013,2PA_scoring_2014,2PA_scoring_2015,2PA_scoring_2016,2PA_scoring_def_2010,2PA_scoring_def_2011,2PA_scoring_def_2012,2PA_scoring_def_2013,2PA_scoring_def_2014,2PA_scoring_def_2015,2PA_scoring_def_2016,2PM_scoring_2010,2PM_scoring_2011,2PM_scoring_2012,2PM_scoring_2013,2PM_scoring_2014,2PM_scoring_2015,2PM_scoring_2016,2PM_scoring_def_2010,2PM_scoring_def_2011,2PM_scoring_def_2012,2PM_scoring_def_2013,2PM_scoring_def_2014,2PM_scoring_def_2015,2PM_scoring_def_2016,4QC_passing_2010,4QC_passing_2011,4QC_passing_2012,4QC_passing_2013,4QC_passing_2014,4QC_passing_2015,4QC_passing_2016,ANY/A_pass_def_2010,ANY/A_pass_def_2011,ANY/A_pass_def_2012,ANY/A_pass_def_2013,ANY/A_pass_def_2014,ANY/A_pass_def_2015,ANY/A_pass_def_2016,ANY/A_passing_2010,ANY/A_passing_2011,ANY/A_passing_2012,ANY/A_passing_2013,ANY/A_passing_2014,ANY/A_passing_2015,ANY/A_passing_2016,AY/A_pass_def_2010,AY/A_pass_def_2011,AY/A_pass_def_2012,AY/A_pass_def_2013,AY/A_pass_def_2014,AY/A_pass_def_2015,AY/A_pass_def_2016,AY/A_passing_2010,AY/A_passing_2011,AY/A_passing_2012,AY/A_passing_2013,AY/A_passing_2014,AY/A_passing_2015,AY/A_passing_2016,AllTD_scoring_2010,AllTD_scoring_2011,AllTD_scoring_2012,AllTD_scoring_2013,AllTD_scoring_2014,AllTD_scoring_2015,AllTD_scoring_2016,AllTD_scoring_def_2010,AllTD_scoring_def_2011,AllTD_scoring_def_2012,AllTD_scoring_def_2013,AllTD_scoring_def_2014,AllTD_scoring_def_2015,AllTD_scoring_def_2016,Att_pass_def_2010,Att_pass_def_2011,Att_pass_def_2012,Att_pass_def_2013,Att_pass_def_2014,Att_pass_def_2015,Att_pass_def_2016,Att_passing_2010,Att_passing_2011,Att_passing_2012,Att_passing_2013,Att_passing_2014,Att_passing_2015,Att_passing_2016,Att_rush_def_2010,Att_rush_def_2011,Att_rush_def_2012,Att_rush_def_2013,Att_rush_def_2014,Att_rush_def_2015,Att_rush_def_2016,Att_rushing_2010,Att_rushing_2011,Att_rushing_2012,Att_rushing_2013,Att_rushing_2014,Att_rushing_2015,Att_rushing_2016,Cmp_pass_def_2010,Cmp_pass_def_2011,Cmp_pass_def_2012,Cmp_pass_def_2013,Cmp_pass_def_2014,Cmp_pass_def_2015,Cmp_pass_def_2016,Cmp_passing_2010,Cmp_passing_2011,Cmp_passing_2012,Cmp_passing_2013,Cmp_passing_2014,Cmp_passing_2015,Cmp_passing_2016,DSRS_standings_2010,DSRS_standings_2011,DSRS_standings_2012,DSRS_standings_2013,DSRS_standings_2014,DSRS_standings_2015,DSRS_standings_2016,FGA_scoring_2010,FGA_scoring_2011,FGA_scoring_2012,FGA_scoring_2013,FGA_scoring_2014,FGA_scoring_2015,FGA_scoring_2016,FGA_scoring_def_2010,FGA_scoring_def_2011,FGA_scoring_def_2012,FGA_scoring_def_2013,FGA_scoring_def_2014,FGA_scoring_def_2015,FGA_scoring_def_2016,FGM_scoring_2010,FGM_scoring_2011,FGM_scoring_2012,FGM_scoring_2013,FGM_scoring_2014,FGM_scoring_2015,FGM_scoring_2016,FGM_scoring_def_2010,FGM_scoring_def_2011,FGM_scoring_def_2012,FGM_scoring_def_2013,FGM_scoring_def_2014,FGM_scoring_def_2015,FGM_scoring_def_2016,FblTD_scoring_2010,FblTD_scoring_2011,FblTD_scoring_2012,FblTD_scoring_2013,FblTD_scoring_2014,FblTD_scoring_2015,FblTD_scoring_2016,FblTD_scoring_def_2010,FblTD_scoring_def_2011,FblTD_scoring_def_2012,FblTD_scoring_def_2013,FblTD_scoring_def_2014,FblTD_scoring_def_2015,FblTD_scoring_def_2016,Fmb_rushing_2010,Fmb_rushing_2011,Fmb_rushing_2012,Fmb_rushing_2013,Fmb_rushing_2014,Fmb_rushing_2015,Fmb_rushing_2016,GWD_passing_2010,GWD_passing_2011,GWD_passing_2012,GWD_passing_2013,GWD_passing_2014,GWD_passing_2015,GWD_passing_2016,IntTD_scoring_2010,IntTD_scoring_2011,IntTD_scoring_2012,IntTD_scoring_2013,IntTD_scoring_2014,IntTD_scoring_2015,IntTD_scoring_2016,IntTD_scoring_def_2010,IntTD_scoring_def_2011,IntTD_scoring_def_2012,IntTD_scoring_def_2013,IntTD_scoring_def_2014,IntTD_scoring_def_2015,IntTD_scoring_def_2016,Int_pass_def_2010,Int_pass_def_2011,Int_pass_def_2012,Int_pass_def_2013,Int_pass_def_2014,Int_pass_def_2015,Int_pass_def_2016,Int_passing_2010,Int_passing_2011,Int_passing_2012,Int_passing_2013,Int_passing_2014,Int_passing_2015,Int_passing_2016,KR TD_scoring_2010,KR TD_scoring_2011,KR TD_scoring_2012,KR TD_scoring_2013,KR TD_scoring_2014,KR TD_scoring_2015,KR TD_scoring_2016,KR TD_scoring_def_2010,KR TD_scoring_def_2011,KR TD_scoring_def_2012,KR TD_scoring_def_2013,KR TD_scoring_def_2014,KR TD_scoring_def_2015,KR TD_scoring_def_2016,MoV_standings_2010,MoV_standings_2011,MoV_standings_2012,MoV_standings_2013,MoV_standings_2014,MoV_standings_2015,MoV_standings_2016,NY/A_pass_def_2010,NY/A_pass_def_2011,NY/A_pass_def_2012,NY/A_pass_def_2013,NY/A_pass_def_2014,NY/A_pass_def_2015,NY/A_pass_def_2016,NY/A_passing_2010,NY/A_passing_2011,NY/A_passing_2012,NY/A_passing_2013,NY/A_passing_2014,NY/A_passing_2015,NY/A_passing_2016,OSRS_standings_2010,OSRS_standings_2011,OSRS_standings_2012,OSRS_standings_2013,OSRS_standings_2014,OSRS_standings_2015,OSRS_standings_2016,OthTD_scoring_2010,OthTD_scoring_2011,OthTD_scoring_2012,OthTD_scoring_2013,OthTD_scoring_2014,OthTD_scoring_2015,OthTD_scoring_2016,OthTD_scoring_def_2010,OthTD_scoring_def_2011,OthTD_scoring_def_2012,OthTD_scoring_def_2013,OthTD_scoring_def_2014,OthTD_scoring_def_2015,OthTD_scoring_def_2016,PA_standings_2010,PA_standings_2011,PA_standings_2012,PA_standings_2013,PA_standings_2014,PA_standings_2015,PA_standings_2016,PD_standings_2010,PD_standings_2011,PD_standings_2012,PD_standings_2013,PD_standings_2014,PD_standings_2015,PD_standings_2016,PR TD_scoring_2010,PR TD_scoring_2011,PR TD_scoring_2012,PR TD_scoring_2013,PR TD_scoring_2014,PR TD_scoring_2015,PR TD_scoring_2016,PR TD_scoring_def_2010,PR TD_scoring_def_2011,PR TD_scoring_def_2012,PR TD_scoring_def_2013,PR TD_scoring_def_2014,PR TD_scoring_def_2015,PR TD_scoring_def_2016,Pts_scoring_2010,Pts_scoring_2011,Pts_scoring_2012,Pts_scoring_2013,Pts_scoring_2014,Pts_scoring_2015,Pts_scoring_2016,Rate_pass_def_2010,Rate_pass_def_2011,Rate_pass_def_2012,Rate_pass_def_2013,Rate_pass_def_2014,Rate_pass_def_2015,Rate_pass_def_2016,Rate_passing_2010,Rate_passing_2011,Rate_passing_2012,Rate_passing_2013,Rate_passing_2014,Rate_passing_2015,Rate_passing_2016,SRS_standings_2010,SRS_standings_2011,SRS_standings_2012,SRS_standings_2013,SRS_standings_2014,SRS_standings_2015,SRS_standings_2016,Sack_Yds_pass_def_2010,Sack_Yds_pass_def_2011,Sack_Yds_pass_def_2012,Sack_Yds_pass_def_2013,Sack_Yds_pass_def_2014,Sack_Yds_pass_def_2015,Sack_Yds_pass_def_2016,Sack_Yds_passing_2010,Sack_Yds_passing_2011,Sack_Yds_passing_2012,Sack_Yds_passing_2013,Sack_Yds_passing_2014,Sack_Yds_passing_2015,Sack_Yds_passing_2016,Sfty_scoring_2010,Sfty_scoring_2011,Sfty_scoring_2012,Sfty_scoring_2013,Sfty_scoring_2014,Sfty_scoring_2015,Sfty_scoring_2016,Sfty_scoring_def_2010,Sfty_scoring_def_2011,Sfty_scoring_def_2012,Sfty_scoring_def_2013,Sfty_scoring_def_2014,Sfty_scoring_def_2015,Sfty_scoring_def_2016,Sk_pass_def_2010,Sk_pass_def_2011,Sk_pass_def_2012,Sk_pass_def_2013,Sk_pass_def_2014,Sk_pass_def_2015,Sk_pass_def_2016,Sk_passing_2010,Sk_passing_2011,Sk_passing_2012,Sk_passing_2013,Sk_passing_2014,Sk_passing_2015,Sk_passing_2016,SoS_standings_2010,SoS_standings_2011,SoS_standings_2012,SoS_standings_2013,SoS_standings_2014,SoS_standings_2015,SoS_standings_2016,TD_pass_def_2010,TD_pass_def_2011,TD_pass_def_2012,TD_pass_def_2013,TD_pass_def_2014,TD_pass_def_2015,TD_pass_def_2016,TD_passing_2010,TD_passing_2011,TD_passing_2012,TD_passing_2013,TD_passing_2014,TD_passing_2015,TD_passing_2016,TD_rush_def_2010,TD_rush_def_2011,TD_rush_def_2012,TD_rush_def_2013,TD_rush_def_2014,TD_rush_def_2015,TD_rush_def_2016,TD_rushing_2010,TD_rushing_2011,TD_rushing_2012,TD_rushing_2013,TD_rushing_2014,TD_rushing_2015,TD_rushing_2016,W_standings_2010,W_standings_2011,W_standings_2012,W_standings_2013,W_standings_2014,W_standings_2015,W_standings_2016,XPA_scoring_2010,XPA_scoring_2011,XPA_scoring_2012,XPA_scoring_2013,XPA_scoring_2014,XPA_scoring_2015,XPA_scoring_2016,XPA_scoring_def_2010,XPA_scoring_def_2011,XPA_scoring_def_2012,XPA_scoring_def_2013,XPA_scoring_def_2014,XPA_scoring_def_2015,XPA_scoring_def_2016,XPM_scoring_2010,XPM_scoring_2011,XPM_scoring_2012,XPM_scoring_2013,XPM_scoring_2014,XPM_scoring_2015,XPM_scoring_2016,XPM_scoring_def_2010,XPM_scoring_def_2011,XPM_scoring_def_2012,XPM_scoring_def_2013,XPM_scoring_def_2014,XPM_scoring_def_2015,XPM_scoring_def_2016,Y/A_pass_def_2010,Y/A_pass_def_2011,Y/A_pass_def_2012,Y/A_pass_def_2013,Y/A_pass_def_2014,Y/A_pass_def_2015,Y/A_pass_def_2016,Y/A_passing_2010,Y/A_passing_2011,Y/A_passing_2012,Y/A_passing_2013,Y/A_passing_2014,Y/A_passing_2015,Y/A_passing_2016,Y/A_rush_def_2010,Y/A_rush_def_2011,Y/A_rush_def_2012,Y/A_rush_def_2013,Y/A_rush_def_2014,Y/A_rush_def_2015,Y/A_rush_def_2016,Y/A_rushing_2010,Y/A_rushing_2011,Y/A_rushing_2012,Y/A_rushing_2013,Y/A_rushing_2014,Y/A_rushing_2015,Y/A_rushing_2016,Y/C_pass_def_2010,Y/C_pass_def_2011,Y/C_pass_def_2012,Y/C_pass_def_2013,Y/C_pass_def_2014,Y/C_pass_def_2015,Y/C_pass_def_2016,Y/C_passing_2010,Y/C_passing_2011,Y/C_passing_2012,Y/C_passing_2013,Y/C_passing_2014,Y/C_passing_2015,Y/C_passing_2016,Yds_pass_def_2010,Yds_pass_def_2011,Yds_pass_def_2012,Yds_pass_def_2013,Yds_pass_def_2014,Yds_pass_def_2015,Yds_pass_def_2016,Yds_passing_2010,Yds_passing_2011,Yds_passing_2012,Yds_passing_2013,Yds_passing_2014,Yds_passing_2015,Yds_passing_2016,Yds_rush_def_2010,Yds_rush_def_2011,Yds_rush_def_2012,Yds_rush_def_2013,Yds_rush_def_2014,Yds_rush_def_2015,Yds_rush_def_2016,Yds_rushing_2010,Yds_rushing_2011,Yds_rushing_2012,Yds_rushing_2013,Yds_rushing_2014,Yds_rushing_2015,Yds_rushing_2016
Jacksonville Jaguars,0.0,1.0,7.0,2.0,4.0,5.0,2.0,2.0,1.0,1.0,0.0,0.0,3.0,1.0,0.0,0.0,3.0,0.0,1.0,1.0,2.0,1.0,1.0,1.0,0.0,0.0,2.0,1.0,1.0,0.0,1.0,1.0,1.0,3.0,1.0,7.5,5.5,6.7,7.0,7.0,7.0,6.0,5.2,3.4,4.8,4.4,4.0,6.1,5.3,8.2,6.3,7.2,7.8,8.1,7.8,6.7,6.2,4.4,5.8,5.3,5.3,7.1,5.9,41.0,25.0,26.0,25.0,27.0,44.0,34.0,49.0,35.0,48.0,52.0,44.0,51.0,41.0,506.0,513.0,535.0,551.0,541.0,602.0,551.0,469.0,469.0,586.0,592.0,557.0,607.0,626.0,416.0,435.0,545,507.0,499.0,464.0,446.0,512.0,489.0,358.0,378.0,360.0,354.0,392.0,329.0,326.0,341.0,354.0,355.0,390.0,345.0,291.0,240.0,328.0,349.0,325.0,355.0,369.0,-3.3,1.4,-4.9,-4.0,-2.7,-6.9,-2.3,28.0,25.0,28.0,25.0,26.0,30.0,34.0,25.0,29.0,43.0,29.0,35.0,38.0,41.0,22.0,23.0,25.0,23.0,20.0,26.0,27.0,23.0,22.0,36.0,26.0,31.0,30.0,38.0,0.0,3.0,0.0,1.0,2.0,2.0,0.0,1.0,2.0,0.0,1.0,1.0,3.0,0.0,23.0,27.0,20.0,18.0,15.0,25.0,23.0,5.0,0.0,1.0,1.0,1.0,4.0,1.0,0.0,0.0,0.0,1.0,1.0,1.0,1.0,1.0,0.0,5.0,3.0,4.0,4.0,3.0,13.0,17.0,12.0,11.0,6.0,9.0,7.0,21.0,15.0,17.0,21.0,18.0,18.0,16.0,0.0,0.0,0.0,0.0,0.0,0.0,1.0,1.0,0.0,0.0,0.0,0.0,0.0,0.0,-4.1,-5.4,-11.8,-12.6,-10.2,-4.5,-5.1,7.5,6.1,6.9,6.8,6.7,6.7,5.9,6.0,4.2,5.4,5.4,4.8,6.2,5.6,-1.2,-7.1,-8.1,-7.1,-7.8,-0.7,-2.7,0.0,1.0,1.0,0.0,0.0,0.0,0.0,0.0,0.0,1.0,0.0,1.0,0.0,0.0,419.0,329.0,444.0,449.0,412.0,448.0,400.0,-66.0,-86.0,-189.0,-202.0,-163.0,-72.0,-82.0,1.0,0.0,0.0,0.0,0.0,1.0,0.0,0.0,0.0,2.0,0.0,0.0,0.0,1.0,353.0,243.0,255.0,247.0,249.0,376.0,318.0,98.5,83.7,89.8,96.5,99.1,97.2,88.5,83.4,62.2,74.7,71.8,72.0,88.1,79.5,-4.5,-5.6,-13.0,-11.1,-10.5,-7.5,-5.0,189.0,213.0,128.0,225.0,275.0,237.0,183.0,291.0,331.0,327.0,310.0,450.0,320.0,197.0,0.0,0.0,0.0,3.0,1.0,0.0,0.0,0.0,2.0,0.0,0.0,2.0,0.0,1.0,26.0,31.0,20.0,31.0,45.0,36.0,33.0,38.0,44.0,50.0,50.0,71.0,51.0,34.0,-0.4,-0.3,-1.1,1.5,-0.3,-3.0,0.2,28.0,21.0,21.0,29.0,24.0,29.0,20.0,26.0,12.0,20.0,16.0,15.0,35.0,24.0,19.0,14.0,19,20.0,15.0,15.0,17.0,14.0,9.0,5.0,7.0,9.0,5.0,8.0,8.0,5.0,2.0,4.0,3.0,5.0,3.0,41.0,24.0,19.0,23.0,23.0,39.0,32.0,48.0,36.0,46.0,53.0,45.0,48.0,40.0,41.0,24.0,18.0,22.0,23.0,32.0,29.0,48.0,35.0,46.0,53.0,45.0,48.0,36.0,8.3,6.9,7.4,7.6,7.7,7.5,6.6,7.2,5.4,6.4,6.3,6.2,7.3,6.3,4.7,3.8,4.1,4.2,4.1,3.7,3.8,4.7,4.0,3.8,3.3,4.5,4.2,4.2,12.7,10.9,11.6,11.8,11.8,11.6,10.5,11.5,10.5,11.4,10.7,10.6,12.5,10.6,4004.0,3341.0,3832.0,3962.0,3899.0,4291.0,3444.0,3065.0,2179.0,3419.0,3441.0,3001.0,4108.0,3728.0,1945.0,1667.0,2256,2108.0,2033.0,1709.0,1703.0,2395.0,1970.0,1369.0,1260.0,1633.0,1473.0,1631.0
Houston Texans,1.0,1.0,0.0,1.0,0.0,3.0,0.0,1.0,5.0,0.0,2.0,3.0,2.0,1.0,1.0,0.0,0.0,1.0,0.0,2.0,0.0,1.0,2.0,0.0,1.0,0.0,0.0,1.0,2.0,1.0,3.0,2.0,1.0,3.0,4.0,7.5,4.5,5.6,6.6,5.4,5.4,5.7,6.7,7.0,6.3,4.7,6.3,5.9,4.5,8.4,5.4,6.5,7.4,6.1,6.4,6.4,7.5,7.9,7.0,5.6,6.8,6.7,5.1,44.0,41.0,46.0,28.0,40.0,39.0,25.0,52.0,26.0,37.0,46.0,35.0,37.0,36.0,547.0,538.0,581.0,484.0,619.0,553.0,522.0,574.0,467.0,554.0,633.0,485.0,619.0,583.0,433.0,378.0,390,454.0,420.0,388.0,397.0,423.0,546.0,508.0,414.0,551.0,472.0,456.0,354.0,279.0,308.0,287.0,363.0,326.0,319.0,365.0,288.0,354.0,371.0,295.0,358.0,347.0,-3.7,3.2,1.7,-2.6,2.5,2.6,2.7,30.0,38.0,38.0,35.0,35.0,27.0,41.0,27.0,36.0,24.0,35.0,22.0,26.0,29.0,27.0,32.0,31.0,26.0,30.0,23.0,35.0,21.0,30.0,21.0,30.0,19.0,20.0,25.0,0.0,1.0,0.0,0.0,1.0,1.0,0.0,0.0,1.0,0.0,2.0,1.0,2.0,1.0,15.0,20.0,12.0,21.0,19.0,22.0,20.0,2.0,3.0,3.0,2.0,1.0,3.0,4.0,0.0,1.0,3.0,1.0,4.0,2.0,1.0,2.0,0.0,0.0,5.0,1.0,1.0,0.0,13.0,17.0,15.0,7.0,20.0,14.0,11.0,12.0,9.0,13.0,22.0,13.0,12.0,16.0,0.0,0.0,0.0,0.0,0.0,0.0,0.0,1.0,0.0,2.0,0.0,0.0,0.0,1.0,-2.3,6.4,5.3,-9.5,4.1,1.6,-3.1,7.4,5.2,5.8,6.1,5.9,5.6,5.8,6.8,7.0,6.6,5.6,6.6,5.9,5.2,1.8,1.4,1.8,-5.0,-0.8,-3.3,-5.3,0.0,0.0,2.0,0.0,1.0,0.0,0.0,0.0,0.0,0.0,0.0,0.0,0.0,0.0,427.0,278.0,331.0,428.0,307.0,313.0,328.0,-37.0,103.0,85.0,-152.0,65.0,26.0,-49.0,0.0,1.0,0.0,1.0,0.0,0.0,1.0,0.0,0.0,1.0,1.0,0.0,0.0,1.0,390.0,381.0,416.0,276.0,372.0,339.0,279.0,100.5,69.0,80.0,93.9,80.4,82.8,84.3,92.0,92.7,89.2,74.0,86.4,85.3,73.3,-1.8,4.5,3.5,-7.6,1.7,-0.8,-2.6,219.0,287.0,269.0,187.0,251.0,311.0,198.0,226.0,190.0,216.0,370.0,108.0,246.0,242.0,0.0,0.0,1.0,1.0,1.0,0.0,1.0,0.0,0.0,1.0,1.0,1.0,0.0,0.0,30.0,44.0,44.0,32.0,38.0,45.0,31.0,32.0,33.0,28.0,42.0,26.0,36.0,32.0,0.5,-1.9,-1.8,1.9,-2.3,-2.4,0.4,33.0,18.0,29.0,29.0,28.0,24.0,20.0,24.0,20.0,22.0,19.0,22.0,29.0,15.0,16.0,8.0,5,11.0,6.0,10.0,13.0,20.0,18.0,19.0,7.0,12.0,7.0,8.0,6.0,10.0,12.0,2.0,9.0,9.0,9.0,43.0,40.0,45.0,26.0,40.0,36.0,25.0,50.0,22.0,38.0,46.0,33.0,35.0,35.0,43.0,39.0,45.0,26.0,40.0,32.0,22.0,50.0,22.0,38.0,46.0,32.0,31.0,35.0,8.2,6.2,6.7,6.8,6.7,6.6,6.6,7.6,7.9,7.3,6.6,7.1,6.6,5.9,4.0,4.1,4.0,4.3,4.0,4.1,4.0,4.8,4.5,4.2,4.2,3.9,3.7,4.1,12.7,11.9,12.6,11.5,11.4,11.3,10.7,12.0,12.8,11.4,11.3,11.7,11.4,9.9,4280.0,3035.0,3612.0,3123.0,3890.0,3366.0,3226.0,4144.0,3506.0,3830.0,3813.0,3352.0,3833.0,3176.0,1751.0,1536.0,1560,1958.0,1681.0,1597.0,1595.0,2042.0,2448.0,2123.0,1743.0,2161.0,1731.0,1859.0
Tampa Bay Buccaneers,3.0,7.0,4.0,0.0,0.0,3.0,7.0,3.0,1.0,3.0,2.0,3.0,2.0,5.0,1.0,2.0,1.0,0.0,0.0,1.0,4.0,2.0,0.0,2.0,1.0,1.0,0.0,2.0,5.0,1.0,1.0,2.0,1.0,2.0,1.0,5.2,7.5,7.0,5.9,6.7,6.8,6.4,6.9,4.7,6.3,4.8,4.8,6.4,6.0,5.7,8.2,7.6,6.8,7.5,7.8,7.2,7.7,5.3,6.9,6.0,5.9,7.1,6.8,39.0,30.0,44.0,31.0,31.0,37.0,41.0,37.0,59.0,47.0,40.0,45.0,46.0,41.0,521.0,481.0,627.0,547.0,563.0,541.0,548.0,494.0,588.0,566.0,514.0,531.0,535.0,578.0,444.0,498.0,377,438.0,468.0,466.0,427.0,431.0,346.0,416.0,420.0,353.0,455.0,453.0,307.0,301.0,410.0,352.0,387.0,378.0,347.0,306.0,365.0,311.0,291.0,301.0,312.0,355.0,0.4,-6.6,-1.3,0.3,-3.3,-4.2,1.3,28.0,28.0,33.0,29.0,24.0,40.0,31.0,21.0,29.0,28.0,32.0,39.0,34.0,36.0,23.0,26.0,28.0,23.0,20.0,29.0,22.0,17.0,23.0,19.0,31.0,29.0,31.0,27.0,0.0,1.0,0.0,0.0,0.0,2.0,0.0,1.0,2.0,1.0,2.0,1.0,1.0,1.0,24.0,30.0,16.0,18.0,29.0,26.0,19.0,5.0,2.0,1.0,2.0,1.0,3.0,3.0,3.0,3.0,3.0,3.0,3.0,1.0,4.0,1.0,2.0,3.0,0.0,1.0,2.0,1.0,19.0,14.0,18.0,21.0,14.0,11.0,17.0,6.0,24.0,17.0,12.0,20.0,15.0,18.0,1.0,0.0,0.0,0.0,0.0,0.0,0.0,1.0,1.0,0.0,0.0,0.0,0.0,0.0,1.4,-12.9,-0.3,-6.3,-8.3,-4.7,-0.9,5.9,7.6,7.3,6.5,6.8,6.6,6.8,6.4,5.9,6.7,5.0,5.7,6.9,6.4,-1.0,-4.0,1.3,-2.9,-6.5,-3.5,-1.5,0.0,0.0,1.0,0.0,0.0,0.0,0.0,0.0,0.0,1.0,0.0,0.0,0.0,0.0,318.0,494.0,394.0,389.0,410.0,417.0,369.0,23.0,-207.0,-5.0,-101.0,-133.0,-75.0,-15.0,0.0,0.0,0.0,0.0,0.0,0.0,0.0,0.0,0.0,0.0,0.0,1.0,0.0,0.0,341.0,287.0,389.0,288.0,277.0,342.0,354.0,77.6,97.2,93.5,88.9,97.4,102.3,88.8,96.2,73.6,81.8,79.6,75.2,84.2,87.0,-0.6,-10.6,0.0,-2.7,-9.8,-7.7,-0.2,143.0,148.0,193.0,255.0,210.0,232.0,234.0,203.0,188.0,161.0,361.0,326.0,190.0,239.0,0.0,1.0,0.0,1.0,0.0,0.0,1.0,0.0,0.0,0.0,1.0,2.0,0.0,2.0,26.0,23.0,27.0,35.0,36.0,38.0,38.0,30.0,32.0,26.0,47.0,52.0,27.0,35.0,-2.0,2.3,0.3,3.6,-1.5,-3.0,0.7,23.0,30.0,30.0,30.0,28.0,31.0,24.0,26.0,17.0,27.0,22.0,21.0,22.0,29.0,12.0,26.0,13,10.0,15.0,12.0,15.0,9.0,9.0,13.0,6.0,7.0,12.0,8.0,10.0,4.0,7.0,4.0,2.0,6.0,9.0,36.0,23.0,39.0,31.0,31.0,34.0,34.0,35.0,60.0,45.0,40.0,41.0,45.0,35.0,36.0,23.0,39.0,31.0,31.0,31.0,32.0,35.0,59.0,45.0,40.0,41.0,42.0,34.0,6.4,8.2,7.9,7.4,7.6,7.5,7.7,7.2,6.5,7.3,6.2,6.8,7.6,7.2,4.7,5.0,3.5,4.0,3.9,3.4,4.4,4.6,4.2,4.4,3.8,3.9,4.8,3.6,10.9,13.2,12.1,11.5,11.1,10.8,12.2,11.6,10.5,13.3,10.9,12.0,13.0,11.7,3216.0,3814.0,4758.0,3806.0,4084.0,3840.0,4012.0,3361.0,3650.0,3983.0,2820.0,3297.0,3852.0,3926.0,2107.0,2497.0,1320,1762.0,1819.0,1606.0,1875.0,2001.0,1458.0,1837.0,1612.0,1375.0,2162.0,1616.0
New York Jets,1.0,1.0,1.0,0.0,4.0,0.0,1.0,1.0,1.0,1.0,1.0,1.0,1.0,2.0,1.0,0.0,0.0,0.0,0.0,0.0,1.0,0.0,1.0,0.0,1.0,1.0,1.0,1.0,4.0,4.0,2.0,2.0,1.0,2.0,1.0,5.5,4.9,5.6,6.2,7.0,5.4,7.2,5.4,5.1,4.3,4.2,4.8,6.4,4.5,6.4,5.6,6.3,7.0,8.2,6.2,7.9,6.1,5.9,5.3,5.3,5.7,6.8,5.2,39.0,45.0,31.0,27.0,27.0,44.0,27.0,36.0,35.0,41.0,40.0,45.0,34.0,47.0,531.0,507.0,494.0,586.0,538.0,601.0,545.0,525.0,547.0,493.0,480.0,498.0,604.0,550.0,408.0,451.0,495,421.0,393.0,373.0,428.0,534.0,443.0,494.0,493.0,507.0,448.0,418.0,269.0,275.0,266.0,345.0,345.0,343.0,347.0,288.0,310.0,272.0,266.0,287.0,362.0,311.0,4.2,-0.3,-0.9,-1.4,-1.0,2.0,-3.0,39.0,25.0,27.0,36.0,39.0,33.0,31.0,23.0,30.0,31.0,37.0,32.0,29.0,31.0,30.0,19.0,21.0,33.0,32.0,27.0,27.0,18.0,29.0,22.0,33.0,26.0,26.0,27.0,0.0,1.0,1.0,0.0,0.0,0.0,0.0,0.0,4.0,3.0,1.0,0.0,2.0,3.0,23.0,25.0,32.0,15.0,25.0,17.0,24.0,6.0,4.0,2.0,5.0,2.0,3.0,1.0,3.0,2.0,2.0,1.0,0.0,0.0,0.0,1.0,3.0,1.0,5.0,3.0,0.0,1.0,12.0,19.0,11.0,13.0,6.0,18.0,8.0,14.0,18.0,19.0,22.0,15.0,16.0,25.0,2.0,1.0,1.0,0.0,0.0,0.0,0.0,0.0,0.0,1.0,0.0,0.0,0.0,1.0,3.9,0.9,-5.9,-6.1,-7.4,4.6,-8.4,5.6,5.9,5.8,6.3,6.4,5.9,6.8,5.9,5.6,5.4,5.6,5.4,6.5,5.9,2.2,1.2,-5.1,-4.7,-4.0,-0.5,-5.5,0.0,1.0,0.0,1.0,0.0,0.0,1.0,0.0,0.0,1.0,0.0,1.0,1.0,1.0,304.0,363.0,375.0,387.0,401.0,314.0,409.0,63.0,14.0,-94.0,-97.0,-118.0,73.0,-134.0,0.0,0.0,1.0,0.0,0.0,0.0,0.0,0.0,0.0,1.0,0.0,0.0,2.0,0.0,367.0,377.0,281.0,290.0,283.0,387.0,269.0,77.1,69.6,78.2,86.5,101.5,79.0,98.5,76.5,78.4,68.3,66.6,75.1,88.0,67.6,6.5,0.9,-5.9,-6.1,-5.0,1.5,-8.5,244.0,198.0,170.0,242.0,310.0,278.0,179.0,178.0,245.0,287.0,338.0,260.0,113.0,179.0,2.0,3.0,1.0,1.0,1.0,0.0,0.0,0.0,1.0,1.0,0.0,1.0,0.0,0.0,40.0,35.0,30.0,41.0,45.0,39.0,27.0,28.0,40.0,47.0,47.0,47.0,22.0,35.0,2.5,0.0,0.0,0.0,2.3,-3.0,-0.1,24.0,15.0,20.0,26.0,31.0,25.0,30.0,20.0,26.0,14.0,13.0,16.0,33.0,16.0,11.0,17.0,17,9.0,10.0,4.0,11.0,14.0,14.0,12.0,12.0,11.0,11.0,10.0,11.0,8.0,6.0,8.0,4.0,10.0,5.0,37.0,44.0,30.0,27.0,23.0,43.0,26.0,35.0,38.0,43.0,40.0,44.0,33.0,45.0,37.0,44.0,30.0,27.0,23.0,42.0,24.0,34.0,38.0,43.0,40.0,43.0,30.0,44.0,6.5,6.7,6.5,7.1,7.5,6.7,7.5,6.5,6.5,6.4,6.8,6.4,6.9,6.6,3.6,3.9,4.3,3.4,3.8,3.6,3.7,4.4,3.8,3.8,4.4,4.5,4.2,4.3,12.8,12.4,12.1,12.1,11.8,11.8,11.7,11.9,11.4,11.7,12.3,11.2,11.5,11.7,3210.0,3216.0,3036.0,3947.0,3746.0,3763.0,3898.0,3242.0,3297.0,2891.0,2932.0,2946.0,4057.0,3466.0,1454.0,1777.0,2138,1412.0,1489.0,1335.0,1581.0,2374.0,1692.0,1896.0,2158.0,2280.0,1868.0,1802.0
New York Giants,1.0,4.0,1.0,1.0,0.0,2.0,1.0,2.0,1.0,0.0,2.0,4.0,2.0,1.0,1.0,4.0,1.0,1.0,0.0,1.0,0.0,2.0,1.0,0.0,1.0,1.0,1.0,0.0,1.0,7.0,3.0,1.0,1.0,1.0,3.0,5.4,5.9,6.4,5.1,6.3,7.2,5.3,6.1,7.4,6.6,4.4,6.7,6.8,5.9,6.4,6.9,7.3,5.7,7.5,7.6,6.0,6.5,8.1,7.1,5.2,7.3,7.4,6.4,48.0,47.0,47.0,32.0,44.0,47.0,36.0,38.0,46.0,37.0,39.0,43.0,50.0,26.0,539.0,589.0,534.0,601.0,522.0,638.0,630.0,539.0,589.0,539.0,567.0,607.0,623.0,598.0,389.0,435.0,449,454.0,438.0,444.0,397.0,480.0,411.0,409.0,381.0,449.0,403.0,398.0,308.0,361.0,341.0,361.0,324.0,423.0,369.0,339.0,359.0,323.0,325.0,383.0,392.0,377.0,0.4,-1.5,2.2,0.8,-2.5,-6.1,5.4,23.0,24.0,39.0,26.0,26.0,32.0,22.0,27.0,31.0,30.0,30.0,31.0,35.0,40.0,19.0,19.0,33.0,23.0,24.0,30.0,21.0,23.0,25.0,26.0,29.0,29.0,31.0,34.0,0.0,1.0,1.0,0.0,1.0,2.0,2.0,1.0,0.0,0.0,3.0,2.0,1.0,0.0,26.0,18.0,13.0,26.0,21.0,23.0,22.0,1.0,8.0,3.0,2.0,1.0,2.0,6.0,0.0,0.0,1.0,2.0,0.0,2.0,1.0,1.0,3.0,2.0,3.0,1.0,2.0,1.0,16.0,20.0,21.0,17.0,17.0,15.0,17.0,25.0,16.0,15.0,29.0,14.0,14.0,16.0,0.0,0.0,1.0,0.0,0.0,1.0,0.0,0.0,0.0,0.0,0.0,0.0,1.0,0.0,2.9,-0.4,5.3,-5.6,-1.3,-1.4,1.6,5.8,6.4,7.2,5.6,6.8,7.2,6.0,7.0,7.7,6.8,5.9,6.7,6.7,6.3,1.7,3.1,4.0,-6.2,0.8,2.5,-3.2,0.0,0.0,0.0,1.0,0.0,0.0,1.0,0.0,0.0,0.0,0.0,1.0,0.0,0.0,347.0,400.0,344.0,383.0,400.0,442.0,284.0,47.0,-6.0,85.0,-89.0,-20.0,-22.0,26.0,0.0,0.0,0.0,0.0,0.0,1.0,0.0,2.0,0.0,0.0,3.0,1.0,0.0,0.0,394.0,394.0,429.0,294.0,380.0,420.0,310.0,80.7,86.1,88.7,78.3,89.4,95.9,75.8,85.3,92.9,87.2,67.6,92.2,94.5,86.0,2.1,1.6,6.2,-5.4,-1.7,-3.6,2.1,316.0,335.0,231.0,214.0,313.0,137.0,242.0,117.0,199.0,142.0,287.0,198.0,157.0,148.0,0.0,2.0,0.0,0.0,0.0,1.0,0.0,0.0,1.0,0.0,1.0,0.0,0.0,1.0,46.0,48.0,33.0,34.0,47.0,23.0,35.0,16.0,28.0,20.0,40.0,30.0,27.0,22.0,-0.8,2.0,0.9,0.2,-0.4,-2.2,0.5,24.0,28.0,26.0,21.0,25.0,31.0,15.0,31.0,29.0,26.0,18.0,30.0,36.0,26.0,11.0,15.0,9,12.0,15.0,15.0,10.0,17.0,17.0,18.0,11.0,13.0,5.0,6.0,10.0,9.0,9.0,7.0,6.0,6.0,11.0,47.0,43.0,46.0,31.0,44.0,45.0,35.0,37.0,45.0,38.0,40.0,41.0,48.0,25.0,47.0,43.0,46.0,31.0,44.0,44.0,31.0,36.0,45.0,38.0,40.0,41.0,47.0,24.0,6.8,7.5,8.1,6.3,8.0,7.7,6.8,7.4,8.4,7.4,6.8,7.4,7.2,6.7,4.2,4.5,4.6,3.8,4.9,4.4,3.6,4.6,3.5,4.6,3.5,3.6,4.0,3.5,12.0,12.2,12.6,10.5,12.8,11.6,11.5,11.8,13.7,12.3,11.9,11.7,11.5,10.7,3370.0,4082.0,4068.0,3573.0,3850.0,4783.0,4018.0,3885.0,4734.0,3825.0,3588.0,4272.0,4343.0,3879.0,1620.0,1940.0,2066,1743.0,2162.0,1942.0,1417.0,2200.0,1427.0,1862.0,1332.0,1603.0,1609.0,1412.0
Cleveland Browns,1.0,1.0,1.0,2.0,2.0,4.0,4.0,0.0,0.0,2.0,3.0,2.0,4.0,2.0,0.0,0.0,0.0,2.0,0.0,2.0,2.0,0.0,0.0,1.0,2.0,0.0,2.0,2.0,1.0,1.0,1.0,1.0,4.0,1.0,0.0,6.0,5.7,5.8,5.4,5.0,7.8,7.5,4.7,4.6,4.9,5.0,5.6,5.5,4.6,6.7,6.6,6.6,6.1,5.6,8.5,8.2,5.6,5.3,5.6,5.9,6.4,6.6,5.9,29.0,21.0,31.0,35.0,32.0,28.0,29.0,36.0,31.0,44.0,45.0,35.0,49.0,56.0,507.0,469.0,600.0,605.0,587.0,511.0,543.0,478.0,570.0,566.0,681.0,502.0,609.0,567.0,505.0,534.0,457,462.0,500.0,458.0,498.0,413.0,415.0,396.0,348.0,477.0,380.0,350.0,309.0,265.0,378.0,363.0,335.0,322.0,347.0,296.0,320.0,328.0,379.0,274.0,371.0,338.0,2.0,1.8,-0.7,-2.9,0.9,-2.9,-4.9,28.0,29.0,31.0,26.0,32.0,32.0,27.0,36.0,34.0,24.0,32.0,34.0,35.0,27.0,23.0,24.0,29.0,21.0,25.0,28.0,21.0,27.0,30.0,20.0,27.0,29.0,30.0,19.0,1.0,0.0,0.0,0.0,1.0,0.0,0.0,0.0,0.0,0.0,1.0,1.0,1.0,2.0,29.0,22.0,22.0,17.0,17.0,28.0,26.0,2.0,3.0,1.0,2.0,4.0,1.0,0.0,2.0,0.0,2.0,3.0,2.0,2.0,1.0,3.0,1.0,2.0,2.0,0.0,1.0,0.0,19.0,9.0,17.0,14.0,21.0,11.0,10.0,18.0,13.0,18.0,20.0,16.0,12.0,14.0,0.0,0.0,0.0,0.0,0.0,0.0,0.0,0.0,1.0,0.0,0.0,0.0,0.0,0.0,-3.8,-5.6,-4.1,-6.1,-2.4,-9.6,-11.8,6.6,5.9,6.1,5.5,5.8,7.4,7.0,5.8,5.1,5.7,5.5,6.5,5.7,5.2,-3.4,-7.2,-4.6,-4.8,-4.8,-3.2,-5.2,0.0,0.0,0.0,1.0,0.0,0.0,0.0,0.0,0.0,0.0,1.0,0.0,1.0,0.0,332.0,307.0,368.0,406.0,337.0,432.0,452.0,-61.0,-89.0,-66.0,-98.0,-38.0,-154.0,-188.0,0.0,1.0,1.0,1.0,0.0,1.0,0.0,0.0,1.0,1.0,0.0,0.0,1.0,0.0,271.0,218.0,302.0,310.0,299.0,278.0,264.0,84.8,80.6,86.6,84.1,74.1,101.8,101.8,75.0,72.8,73.5,75.7,72.8,84.0,77.4,-1.5,-5.4,-5.3,-7.7,-3.9,-6.1,-10.1,178.0,199.0,233.0,185.0,191.0,157.0,177.0,214.0,210.0,233.0,332.0,213.0,374.0,429.0,0.0,0.0,0.0,0.0,1.0,0.0,0.0,0.0,0.0,0.0,1.0,0.0,0.0,2.0,29.0,32.0,38.0,40.0,31.0,29.0,26.0,36.0,39.0,36.0,49.0,31.0,53.0,66.0,2.3,0.2,-1.2,-1.6,-1.5,3.5,1.7,26.0,16.0,27.0,29.0,22.0,34.0,36.0,13.0,16.0,16.0,26.0,12.0,20.0,15.0,7.0,12.0,14,13.0,13.0,11.0,18.0,13.0,4.0,12.0,4.0,17.0,5.0,13.0,5.0,4.0,5.0,4.0,7.0,3.0,1.0,28.0,20.0,29.0,33.0,30.0,24.0,25.0,35.0,31.0,42.0,43.0,34.0,45.0,52.0,28.0,20.0,29.0,33.0,30.0,22.0,23.0,35.0,31.0,42.0,43.0,34.0,44.0,49.0,7.3,6.7,6.9,6.2,6.4,8.2,7.7,6.7,5.8,6.5,6.4,7.3,6.8,6.5,4.1,4.4,4.2,3.9,4.5,4.5,4.6,4.0,3.7,4.0,4.0,3.6,4.0,4.9,12.0,11.9,11.0,10.3,11.3,12.9,12.0,10.8,10.3,11.2,11.5,13.4,11.2,10.9,3531.0,2959.0,3923.0,3538.0,3592.0,4012.0,3996.0,2989.0,3090.0,3435.0,4040.0,3465.0,3782.0,3264.0,2070.0,2359.0,1898,1781.0,2265.0,2055.0,2283.0,1646.0,1531.0,1593.0,1383.0,1728.0,1529.0,1712.0
Miami Dolphins,1.0,1.0,2.0,1.0,1.0,3.0,2.0,0.0,2.0,2.0,0.0,3.0,1.0,5.0,0.0,0.0,2.0,0.0,1.0,2.0,1.0,0.0,1.0,1.0,0.0,2.0,0.0,5.0,0.0,1.0,1.0,4.0,2.0,2.0,4.0,6.1,5.9,6.0,5.3,6.0,7.0,6.0,4.9,5.6,5.3,4.9,5.8,5.9,6.6,7.0,6.8,6.9,6.1,6.8,7.9,6.7,5.7,6.9,6.2,6.0,6.8,7.1,7.5,26.0,33.0,31.0,34.0,42.0,39.0,45.0,36.0,33.0,32.0,33.0,42.0,46.0,43.0,502.0,590.0,600.0,580.0,537.0,542.0,591.0,557.0,469.0,504.0,594.0,595.0,588.0,477.0,447.0,412.0,431,484.0,453.0,503.0,464.0,445.0,469.0,440.0,349.0,399.0,344.0,406.0,288.0,350.0,353.0,344.0,338.0,350.0,368.0,335.0,280.0,293.0,357.0,394.0,365.0,316.0,3.1,3.2,2.9,2.1,-0.4,-2.2,-1.8,41.0,39.0,30.0,34.0,37.0,16.0,21.0,31.0,33.0,40.0,40.0,34.0,29.0,35.0,30.0,33.0,23.0,26.0,29.0,13.0,16.0,27.0,26.0,31.0,34.0,26.0,21.0,26.0,1.0,0.0,0.0,0.0,1.0,0.0,0.0,0.0,0.0,0.0,0.0,0.0,0.0,0.0,24.0,28.0,25.0,16.0,27.0,23.0,26.0,1.0,1.0,1.0,3.0,1.0,2.0,5.0,0.0,1.0,0.0,2.0,2.0,3.0,1.0,2.0,1.0,2.0,2.0,0.0,2.0,1.0,11.0,16.0,10.0,18.0,14.0,13.0,16.0,21.0,13.0,13.0,19.0,12.0,12.0,15.0,0.0,0.0,1.0,0.0,0.0,0.0,1.0,2.0,0.0,1.0,0.0,1.0,0.0,0.0,-3.8,1.0,-1.8,-1.1,0.9,-4.9,-1.1,6.2,6.3,6.2,6.0,6.2,7.0,6.2,5.9,5.9,5.9,5.5,5.8,6.0,6.9,-2.8,-2.2,-5.5,-2.9,2.9,-4.7,-0.6,0.0,1.0,1.0,0.0,0.0,0.0,1.0,1.0,0.0,0.0,0.0,1.0,0.0,0.0,333.0,313.0,317.0,335.0,373.0,389.0,380.0,-60.0,16.0,-29.0,-18.0,15.0,-79.0,-17.0,0.0,0.0,1.0,0.0,0.0,1.0,1.0,1.0,0.0,1.0,0.0,0.0,0.0,0.0,273.0,329.0,288.0,317.0,388.0,310.0,361.0,85.0,83.7,83.4,77.3,89.7,97.4,88.5,74.8,84.9,76.7,80.1,92.5,88.9,95.5,0.3,0.9,-2.6,-0.8,2.6,-6.8,-2.4,225.0,241.0,242.0,272.0,211.0,225.0,226.0,228.0,334.0,243.0,399.0,337.0,420.0,216.0,1.0,0.0,0.0,1.0,3.0,0.0,0.0,0.0,2.0,0.0,1.0,0.0,4.0,0.0,39.0,41.0,42.0,42.0,39.0,31.0,33.0,38.0,52.0,37.0,58.0,46.0,45.0,30.0,4.1,-0.1,-0.8,0.3,1.6,-1.9,-1.3,22.0,24.0,18.0,17.0,27.0,31.0,30.0,17.0,20.0,13.0,24.0,27.0,24.0,27.0,8.0,8.0,10,14.0,13.0,13.0,12.0,8.0,11.0,15.0,8.0,12.0,11.0,14.0,7.0,6.0,7.0,8.0,8.0,6.0,10.0,25.0,32.0,29.0,33.0,41.0,36.0,42.0,36.0,31.0,30.0,33.0,39.0,45.0,38.0,25.0,32.0,29.0,33.0,41.0,33.0,41.0,36.0,31.0,30.0,33.0,39.0,42.0,34.0,7.1,7.2,7.0,6.9,7.0,7.8,6.9,6.7,7.3,6.8,6.7,6.8,7.2,7.8,3.6,3.7,4.0,4.1,4.3,4.0,4.8,3.7,4.2,4.1,4.1,4.7,4.3,4.5,12.4,12.1,11.9,11.7,11.1,12.1,11.1,11.2,12.2,11.7,11.1,10.3,11.6,11.8,3348.0,3992.0,3974.0,3752.0,3557.0,4000.0,3875.0,3527.0,3091.0,3182.0,3567.0,3729.0,3811.0,3500.0,1601.0,1530.0,1734,1998.0,1937.0,2019.0,2247.0,1643.0,1987.0,1802.0,1440.0,1872.0,1496.0,1824.0
Baltimore Ravens,0.0,1.0,1.0,3.0,3.0,4.0,5.0,2.0,0.0,2.0,3.0,2.0,5.0,3.0,0.0,1.0,1.0,3.0,1.0,1.0,4.0,1.0,0.0,1.0,0.0,2.0,2.0,1.0,2.0,2.0,4.0,2.0,2.0,3.0,2.0,5.1,4.6,5.7,5.8,6.1,7.0,5.7,6.4,5.7,6.2,4.4,6.7,5.4,5.3,5.7,5.6,6.5,6.7,7.2,7.9,6.4,7.5,6.5,7.0,5.3,7.2,5.8,5.9,40.0,41.0,44.0,29.0,46.0,33.0,32.0,27.0,25.0,33.0,36.0,30.0,45.0,39.0,596.0,535.0,557.0,552.0,595.0,545.0,578.0,491.0,544.0,560.0,619.0,554.0,676.0,679.0,384.0,419.0,492,440.0,390.0,418.0,384.0,487.0,459.0,444.0,423.0,448.0,383.0,367.0,349.0,288.0,335.0,314.0,382.0,350.0,369.0,308.0,314.0,334.0,363.0,344.0,426.0,439.0,5.5,3.5,1.0,1.4,2.8,-1.2,2.6,29.0,39.0,33.0,41.0,34.0,40.0,39.0,32.0,31.0,39.0,35.0,36.0,36.0,22.0,26.0,30.0,30.0,38.0,29.0,33.0,38.0,27.0,28.0,37.0,32.0,30.0,30.0,16.0,0.0,3.0,0.0,0.0,0.0,1.0,1.0,0.0,0.0,0.0,1.0,0.0,1.0,0.0,22.0,24.0,14.0,15.0,16.0,13.0,19.0,4.0,3.0,4.0,4.0,2.0,3.0,2.0,3.0,1.0,2.0,1.0,1.0,1.0,0.0,0.0,1.0,3.0,4.0,0.0,4.0,0.0,19.0,15.0,13.0,16.0,11.0,6.0,18.0,10.0,12.0,11.0,23.0,12.0,21.0,16.0,1.0,0.0,2.0,1.0,1.0,0.0,0.0,0.0,1.0,0.0,0.0,0.0,0.0,0.0,5.4,7.0,3.4,-2.0,6.7,-4.6,1.4,5.8,5.4,6.1,6.2,6.2,6.4,6.1,6.3,5.9,6.3,5.4,6.7,6.1,5.8,0.9,2.6,1.9,-5.0,1.8,-0.7,-1.1,0.0,0.0,0.0,0.0,1.0,1.0,1.0,0.0,0.0,0.0,0.0,0.0,0.0,0.0,270.0,266.0,344.0,352.0,302.0,401.0,321.0,87.0,112.0,54.0,-32.0,107.0,-73.0,22.0,0.0,1.0,1.0,1.0,0.0,1.0,0.0,0.0,2.0,0.0,0.0,0.0,0.0,1.0,357.0,378.0,398.0,320.0,409.0,328.0,341.0,76.4,68.8,80.6,82.2,90.6,99.6,86.9,93.6,81.7,86.4,72.0,91.0,79.4,82.6,6.4,6.1,2.9,-3.5,4.6,-1.9,1.5,190.0,290.0,250.0,257.0,362.0,220.0,223.0,294.0,206.0,257.0,324.0,167.0,178.0,243.0,0.0,0.0,0.0,0.0,1.0,0.0,0.0,0.0,0.0,1.0,0.0,0.0,0.0,2.0,27.0,48.0,37.0,40.0,49.0,37.0,31.0,40.0,33.0,38.0,48.0,19.0,24.0,33.0,1.0,-0.9,-0.5,-1.5,-2.1,2.6,0.2,22.0,11.0,15.0,25.0,22.0,30.0,28.0,25.0,21.0,22.0,19.0,27.0,21.0,20.0,5.0,10.0,15,7.0,8.0,10.0,10.0,11.0,15.0,17.0,7.0,16.0,8.0,10.0,12.0,12.0,10.0,8.0,10.0,5.0,8.0,39.0,40.0,42.0,26.0,42.0,29.0,27.0,25.0,26.0,31.0,34.0,28.0,40.0,36.0,39.0,40.0,42.0,26.0,42.0,29.0,27.0,25.0,26.0,31.0,34.0,28.0,37.0,33.0,6.4,6.4,7.0,7.1,7.3,7.3,6.8,7.4,6.7,7.1,6.3,7.2,6.6,6.4,3.9,3.5,4.0,3.8,3.6,4.0,3.7,3.8,4.3,4.3,3.1,4.5,3.9,4.0,10.9,11.9,11.6,12.5,11.4,11.3,10.7,11.8,11.6,12.0,10.8,11.6,10.4,9.9,3599.0,3140.0,3650.0,3681.0,3979.0,3737.0,3724.0,3335.0,3423.0,3739.0,3590.0,3819.0,4271.0,4100.0,1503.0,1482.0,1965,1687.0,1412.0,1661.0,1430.0,1831.0,1996.0,1901.0,1328.0,2019.0,1478.0,1463.0
Oakland Raiders,1.0,2.0,3.0,0.0,0.0,3.0,7.0,0.0,0.0,0.0,2.0,1.0,6.0,7.0,0.0,0.0,2.0,0.0,0.0,1.0,5.0,0.0,0.0,0.0,1.0,0.0,5.0,4.0,2.0,1.0,2.0,0.0,1.0,4.0,7.0,5.9,6.0,7.0,7.4,7.1,5.9,7.0,5.3,6.1,5.9,4.9,4.6,6.2,7.0,7.1,6.8,7.7,8.4,7.7,6.6,7.6,6.3,6.6,6.4,5.9,5.0,6.9,7.4,44.0,38.0,28.0,37.0,28.0,42.0,47.0,44.0,52.0,50.0,55.0,49.0,41.0,46.0,470.0,601.0,526.0,549.0,538.0,641.0,541.0,491.0,524.0,629.0,519.0,629.0,605.0,596.0,474.0,430.0,444,442.0,481.0,406.0,421.0,504.0,466.0,376.0,437.0,337.0,370.0,434.0,249.0,324.0,347.0,374.0,343.0,404.0,328.0,279.0,315.0,376.0,298.0,365.0,373.0,379.0,-2.2,-5.1,-6.2,-4.2,-4.7,-1.6,-0.3,41.0,35.0,34.0,30.0,22.0,26.0,35.0,28.0,29.0,37.0,28.0,38.0,42.0,26.0,33.0,31.0,31.0,21.0,19.0,21.0,29.0,21.0,21.0,31.0,25.0,32.0,36.0,22.0,1.0,1.0,0.0,2.0,1.0,0.0,0.0,0.0,1.0,0.0,0.0,2.0,0.0,0.0,32.0,16.0,22.0,27.0,28.0,27.0,17.0,2.0,2.0,2.0,0.0,1.0,4.0,7.0,2.0,0.0,0.0,1.0,0.0,1.0,1.0,0.0,3.0,2.0,3.0,2.0,3.0,0.0,12.0,18.0,11.0,9.0,9.0,14.0,16.0,16.0,23.0,16.0,20.0,16.0,14.0,7.0,3.0,1.0,0.0,0.0,0.0,0.0,0.0,1.0,1.0,2.0,1.0,0.0,1.0,0.0,2.4,-4.6,-9.6,-8.2,-12.4,-2.5,1.9,5.9,6.3,6.9,7.0,6.8,6.1,7.3,5.9,7.2,6.2,5.9,5.0,6.1,6.6,2.3,0.2,-4.6,-3.8,-4.3,1.4,3.5,1.0,0.0,0.0,1.0,1.0,0.0,0.0,0.0,0.0,0.0,2.0,0.0,0.0,0.0,371.0,433.0,443.0,453.0,452.0,399.0,385.0,39.0,-74.0,-153.0,-131.0,-199.0,-40.0,31.0,0.0,0.0,0.0,0.0,0.0,0.0,0.0,0.0,2.0,0.0,1.0,1.0,0.0,1.0,410.0,359.0,290.0,322.0,253.0,359.0,416.0,85.6,81.3,97.5,105.1,96.9,86.8,89.8,77.5,79.4,82.4,73.9,74.4,91.0,95.3,0.2,-4.9,-10.8,-8.0,-9.0,-0.2,3.3,292.0,239.0,185.0,260.0,157.0,211.0,147.0,291.0,157.0,208.0,289.0,181.0,250.0,86.0,2.0,1.0,0.0,0.0,0.0,2.0,0.0,0.0,0.0,0.0,0.0,0.0,2.0,0.0,47.0,39.0,25.0,38.0,22.0,38.0,25.0,44.0,25.0,27.0,44.0,28.0,33.0,18.0,-2.3,-0.3,-1.3,0.2,3.4,2.3,1.3,29.0,31.0,28.0,33.0,29.0,25.0,27.0,18.0,20.0,24.0,17.0,22.0,34.0,29.0,14.0,15.0,18,15.0,17.0,12.0,18.0,19.0,16.0,4.0,16.0,4.0,7.0,17.0,8.0,8.0,4.0,4.0,3.0,7.0,12.0,43.0,36.0,25.0,37.0,28.0,39.0,39.0,44.0,53.0,50.0,52.0,50.0,35.0,39.0,43.0,36.0,25.0,37.0,28.0,38.0,37.0,44.0,52.0,50.0,52.0,50.0,31.0,35.0,7.1,7.1,7.5,7.9,7.4,6.8,7.9,7.1,7.9,6.8,7.0,5.5,6.8,6.9,4.5,5.1,4.3,3.9,4.0,4.1,4.5,4.9,4.5,3.8,4.6,3.7,3.9,4.4,13.3,13.2,11.4,11.6,11.6,10.8,13.0,12.4,13.1,11.4,12.2,9.5,11.1,10.9,3027.0,4023.0,3775.0,4092.0,3810.0,4140.0,4120.0,3180.0,3962.0,4084.0,3340.0,3275.0,3879.0,4051.0,2138.0,2178.0,1897,1727.0,1911.0,1678.0,1881.0,2494.0,2110.0,1420.0,2000.0,1240.0,1457.0,1922.0
Washington Redskins,4.0,2.0,1.0,5.0,1.0,3.0,4.0,5.0,0.0,7.0,0.0,2.0,2.0,2.0,2.0,1.0,1.0,2.0,0.0,2.0,0.0,2.0,0.0,5.0,0.0,2.0,1.0,0.0,2.0,2.0,4.0,1.0,1.0,2.0,4.0,6.6,6.2,6.3,6.8,7.9,7.0,6.4,5.4,4.9,7.5,5.0,5.9,7.2,7.5,7.3,7.2,6.9,7.8,8.9,7.9,7.2,6.4,5.7,8.6,5.9,7.3,7.9,8.1,33.0,28.0,52.0,39.0,33.0,44.0,43.0,41.0,37.0,43.0,59.0,51.0,43.0,45.0,578.0,509.0,636.0,514.0,519.0,566.0,589.0,605.0,591.0,442.0,611.0,547.0,555.0,607.0,444.0,438.0,363,443.0,421.0,406.0,423.0,351.0,400.0,519.0,453.0,401.0,429.0,379.0,367.0,308.0,393.0,337.0,345.0,354.0,387.0,349.0,346.0,291.0,355.0,364.0,386.0,407.0,-0.5,0.2,-1.2,-5.4,-4.7,-1.8,-1.3,35.0,41.0,30.0,26.0,27.0,30.0,42.0,38.0,41.0,30.0,25.0,26.0,28.0,30.0,24.0,31.0,24.0,21.0,24.0,26.0,34.0,28.0,34.0,28.0,21.0,22.0,23.0,24.0,1.0,0.0,3.0,1.0,0.0,1.0,0.0,1.0,1.0,0.0,0.0,2.0,1.0,1.0,29.0,25.0,26.0,30.0,31.0,26.0,19.0,3.0,2.0,3.0,2.0,3.0,3.0,4.0,1.0,1.0,3.0,4.0,0.0,1.0,0.0,2.0,0.0,0.0,2.0,2.0,1.0,2.0,14.0,13.0,21.0,16.0,7.0,11.0,13.0,19.0,24.0,8.0,19.0,18.0,11.0,12.0,1.0,0.0,0.0,0.0,0.0,2.0,0.0,0.0,0.0,0.0,1.0,1.0,0.0,1.0,-4.7,-4.9,3.0,-9.0,-8.6,0.6,0.8,6.9,6.5,6.8,7.1,7.2,6.8,6.6,6.0,6.0,7.2,5.7,6.7,7.0,7.6,-3.4,-4.3,4.6,-3.9,-4.0,-0.2,3.3,0.0,0.0,0.0,0.0,0.0,1.0,0.0,0.0,0.0,1.0,1.0,1.0,0.0,0.0,377.0,367.0,388.0,478.0,438.0,379.0,383.0,-75.0,-79.0,48.0,-144.0,-137.0,9.0,13.0,0.0,0.0,0.0,0.0,0.0,0.0,1.0,1.0,0.0,0.0,3.0,1.0,1.0,0.0,302.0,288.0,436.0,334.0,301.0,388.0,396.0,89.6,87.4,87.0,96.1,108.3,96.1,91.1,78.1,73.3,102.1,76.1,88.8,102.0,97.4,-3.8,-4.1,3.4,-9.3,-8.7,-1.9,2.0,176.0,251.0,209.0,238.0,241.0,264.0,253.0,348.0,285.0,244.0,306.0,414.0,199.0,190.0,0.0,0.0,0.0,0.0,0.0,1.0,0.0,0.0,0.0,0.0,1.0,0.0,2.0,0.0,29.0,41.0,32.0,36.0,36.0,38.0,38.0,46.0,41.0,33.0,43.0,58.0,27.0,23.0,0.9,0.8,0.4,-0.3,-0.2,-2.5,1.2,23.0,22.0,31.0,29.0,35.0,30.0,22.0,21.0,19.0,24.0,20.0,18.0,30.0,25.0,15.0,15.0,11,23.0,11.0,10.0,19.0,9.0,8.0,22.0,14.0,15.0,9.0,17.0,6.0,5.0,10.0,3.0,4.0,9.0,8.0,28.0,26.0,51.0,33.0,32.0,41.0,39.0,37.0,38.0,36.0,59.0,51.0,41.0,43.0,28.0,25.0,50.0,33.0,31.0,40.0,36.0,37.0,37.0,36.0,59.0,50.0,40.0,41.0,7.5,7.5,7.4,8.0,8.2,7.8,7.4,7.1,6.9,8.3,6.6,8.2,7.7,8.2,4.6,4.3,4.2,4.0,4.1,4.8,4.5,4.2,4.0,5.2,4.8,4.2,3.7,4.5,11.9,12.4,12.0,12.3,12.3,12.4,11.3,12.3,11.7,12.6,11.4,12.3,11.1,12.2,4187.0,3553.0,4511.0,3896.0,3990.0,4128.0,4130.0,3931.0,3773.0,3422.0,3751.0,4047.0,4095.0,4758.0,2041.0,1884.0,1532,1769.0,1722.0,1962.0,1916.0,1461.0,1614.0,2709.0,2164.0,1691.0,1566.0,1696.0
Buffalo Bills,2.0,2.0,1.0,2.0,2.0,5.0,4.0,2.0,1.0,2.0,1.0,1.0,5.0,3.0,0.0,1.0,0.0,2.0,2.0,2.0,4.0,1.0,1.0,2.0,1.0,0.0,4.0,2.0,1.0,2.0,0.0,2.0,2.0,1.0,1.0,6.3,6.4,6.0,4.5,4.5,6.1,6.2,4.9,5.1,5.5,4.8,5.6,6.7,5.9,7.0,7.1,6.8,5.7,5.5,6.5,7.2,5.6,5.6,6.2,5.8,6.4,7.9,6.9,34.0,43.0,40.0,34.0,34.0,45.0,49.0,48.0,53.0,53.0,41.0,28.0,42.0,41.0,473.0,507.0,536.0,561.0,559.0,602.0,511.0,519.0,578.0,511.0,522.0,579.0,465.0,474.0,571.0,467.0,470,471.0,414.0,394.0,469.0,401.0,391.0,442.0,546.0,402.0,509.0,492.0,294.0,321.0,306.0,310.0,337.0,347.0,306.0,296.0,356.0,309.0,299.0,363.0,295.0,286.0,-3.1,-4.5,-5.8,-1.9,5.3,-0.2,-2.2,21.0,31.0,24.0,36.0,38.0,27.0,25.0,39.0,25.0,28.0,36.0,37.0,27.0,32.0,16.0,23.0,21.0,33.0,34.0,23.0,19.0,29.0,21.0,21.0,31.0,30.0,22.0,30.0,1.0,2.0,0.0,1.0,1.0,1.0,2.0,0.0,0.0,0.0,1.0,0.0,1.0,0.0,33.0,16.0,23.0,32.0,22.0,28.0,15.0,1.0,2.0,1.0,3.0,3.0,2.0,1.0,2.0,4.0,1.0,2.0,0.0,2.0,1.0,2.0,3.0,2.0,2.0,2.0,1.0,0.0,11.0,20.0,12.0,23.0,19.0,17.0,12.0,21.0,25.0,17.0,15.0,13.0,9.0,7.0,1.0,0.0,1.0,0.0,1.0,0.0,0.0,0.0,0.0,1.0,0.0,0.0,0.0,0.0,-8.9,-3.9,-5.7,-3.1,3.4,1.3,1.3,6.1,6.9,6.1,5.3,5.4,6.4,6.5,5.7,6.2,6.0,5.4,5.8,6.6,5.8,-1.5,1.2,-0.9,-1.3,-0.4,0.3,1.8,0.0,0.0,0.0,0.0,1.0,0.0,0.0,0.0,1.0,0.0,0.0,0.0,0.0,1.0,425.0,434.0,435.0,388.0,289.0,359.0,378.0,-142.0,-62.0,-91.0,-49.0,54.0,20.0,21.0,0.0,1.0,2.0,0.0,1.0,0.0,0.0,0.0,0.0,2.0,1.0,0.0,0.0,0.0,283.0,372.0,344.0,339.0,343.0,379.0,399.0,92.6,90.4,84.4,74.9,74.5,83.3,85.9,75.2,77.0,82.2,75.0,86.0,95.6,86.7,-4.6,-3.4,-6.7,-3.2,4.9,0.0,-0.3,181.0,210.0,196.0,395.0,308.0,125.0,253.0,213.0,154.0,161.0,270.0,242.0,257.0,214.0,0.0,1.0,1.0,0.0,1.0,1.0,0.0,0.0,0.0,0.0,0.0,2.0,0.0,1.0,27.0,29.0,36.0,57.0,54.0,21.0,39.0,34.0,23.0,30.0,48.0,39.0,42.0,46.0,4.3,0.5,-1.0,-0.1,1.6,-1.2,-1.6,28.0,30.0,25.0,28.0,16.0,30.0,19.0,24.0,24.0,24.0,16.0,23.0,23.0,17.0,18.0,19.0,23,10.0,10.0,10.0,21.0,6.0,12.0,12.0,15.0,7.0,19.0,29.0,4.0,6.0,6.0,6.0,9.0,8.0,7.0,32.0,41.0,39.0,32.0,32.0,40.0,45.0,46.0,52.0,51.0,41.0,27.0,37.0,38.0,31.0,41.0,39.0,32.0,31.0,34.0,40.0,46.0,51.0,50.0,41.0,27.0,33.0,36.0,6.9,7.7,6.8,6.5,6.4,6.8,7.5,6.5,6.7,6.7,6.5,6.7,7.7,6.9,4.8,4.8,5.0,4.4,4.1,4.4,4.5,4.3,4.9,5.0,4.2,3.7,4.8,5.3,11.1,12.2,12.0,11.8,10.7,11.8,12.5,11.4,10.8,11.1,11.3,10.6,12.2,11.4,3072.0,3714.0,3473.0,3271.0,3292.0,3972.0,3582.0,3158.0,3703.0,3269.0,3103.0,3614.0,3343.0,3036.0,2714.0,2224.0,2333,2063.0,1703.0,1730.0,2130.0,1720.0,1921.0,2217.0,2307.0,1482.0,2432.0,2630.0
St. Louis Rams,0.0,0.0,6.0,4.0,1.0,2.0,1.0,3.0,0.0,1.0,2.0,1.0,3.0,3.0,0.0,0.0,5.0,3.0,1.0,1.0,0.0,1.0,0.0,0.0,1.0,0.0,2.0,1.0,0.0,1.0,4.0,1.0,1.0,1.0,1.0,5.5,6.1,5.3,6.4,6.3,6.1,6.4,4.7,4.3,5.7,5.7,5.5,5.2,4.0,6.4,7.1,6.4,7.7,7.2,6.9,7.1,5.4,5.4,6.5,6.5,6.6,5.6,5.0,27.0,18.0,32.0,38.0,36.0,31.0,24.0,32.0,41.0,36.0,44.0,37.0,32.0,50.0,570.0,484.0,547.0,521.0,540.0,597.0,582.0,590.0,549.0,557.0,506.0,515.0,473.0,536.0,404.0,510.0,442,440.0,425.0,453.0,424.0,429.0,409.0,410.0,426.0,395.0,429.0,375.0,328.0,293.0,362.0,355.0,368.0,399.0,378.0,354.0,292.0,332.0,301.0,327.0,273.0,312.0,-0.4,-2.1,2.4,1.8,0.4,3.6,-1.6,39.0,28.0,31.0,28.0,30.0,31.0,22.0,38.0,37.0,37.0,26.0,29.0,37.0,18.0,33.0,21.0,23.0,26.0,24.0,21.0,19.0,35.0,31.0,30.0,18.0,25.0,35.0,16.0,0.0,0.0,1.0,3.0,0.0,2.0,1.0,0.0,4.0,1.0,0.0,3.0,1.0,1.0,14.0,27.0,24.0,20.0,27.0,22.0,24.0,0.0,1.0,3.0,1.0,2.0,1.0,2.0,0.0,1.0,4.0,2.0,3.0,1.0,0.0,2.0,0.0,2.0,5.0,5.0,2.0,5.0,14.0,12.0,17.0,14.0,13.0,13.0,10.0,15.0,10.0,14.0,11.0,16.0,11.0,20.0,0.0,0.0,0.0,0.0,0.0,0.0,0.0,1.0,0.0,0.0,0.0,1.0,0.0,0.0,-2.4,-13.4,-3.1,-1.0,-1.9,-3.1,-10.6,5.8,6.3,6.0,6.7,6.7,6.4,6.1,5.2,4.8,6.0,5.8,6.0,5.7,5.0,-6.3,-8.4,-2.1,0.4,-1.2,-3.8,-9.5,0.0,0.0,0.0,0.0,0.0,0.0,0.0,0.0,1.0,0.0,0.0,1.0,0.0,0.0,328.0,407.0,348.0,364.0,354.0,330.0,394.0,-39.0,-214.0,-49.0,-16.0,-30.0,-50.0,-170.0,0.0,1.0,0.0,1.0,2.0,1.0,0.0,1.0,2.0,0.0,0.0,0.0,1.0,0.0,289.0,193.0,299.0,348.0,324.0,280.0,224.0,80.4,87.3,83.9,94.7,91.8,90.4,95.5,76.5,69.0,82.7,84.8,84.9,74.1,69.5,-6.7,-10.4,0.4,2.2,-0.8,-0.2,-11.1,290.0,261.0,325.0,326.0,265.0,236.0,196.0,244.0,388.0,233.0,235.0,295.0,126.0,362.0,1.0,2.0,1.0,1.0,0.0,1.0,0.0,0.0,0.0,0.0,1.0,0.0,0.0,0.0,43.0,39.0,52.0,53.0,40.0,41.0,31.0,34.0,55.0,35.0,36.0,47.0,18.0,49.0,-4.2,2.9,3.4,3.2,1.0,3.0,-0.5,21.0,21.0,16.0,21.0,18.0,21.0,32.0,18.0,9.0,22.0,22.0,20.0,11.0,14.0,7.0,17.0,18,18.0,12.0,7.0,12.0,9.0,7.0,5.0,10.0,11.0,16.0,9.0,7.0,2.0,7.0,7.0,6.0,7.0,4.0,27.0,18.0,26.0,34.0,35.0,29.0,23.0,29.0,44.0,36.0,42.0,39.0,29.0,47.0,26.0,18.0,26.0,34.0,34.0,27.0,23.0,29.0,44.0,36.0,42.0,39.0,29.0,44.0,6.8,7.4,7.2,8.1,7.6,7.2,6.7,6.0,5.9,6.8,6.6,7.2,6.2,6.2,4.5,4.8,4.3,3.7,4.2,4.0,3.9,3.7,4.1,4.2,4.1,4.1,4.6,3.3,11.8,12.2,10.8,11.8,11.2,10.8,10.4,9.9,11.2,11.4,11.2,11.3,10.7,10.6,3578.0,3301.0,3602.0,3874.0,3861.0,4065.0,3732.0,3268.0,2870.0,3550.0,3125.0,3400.0,2805.0,2951.0,1810.0,2433.0,1880,1646.0,1765.0,1820.0,1660.0,1578.0,1667.0,1714.0,1752.0,1635.0,1956.0,1252.0
Atlanta Falcons,3.0,1.0,2.0,1.0,2.0,3.0,6.0,3.0,3.0,1.0,2.0,4.0,2.0,10.0,2.0,0.0,0.0,1.0,1.0,1.0,2.0,1.0,1.0,0.0,0.0,3.0,0.0,6.0,5.0,3.0,5.0,1.0,3.0,4.0,1.0,5.2,5.8,5.6,7.4,7.1,6.2,6.3,6.2,6.8,7.0,5.7,6.7,6.2,9.0,5.9,6.5,6.2,8.3,7.6,6.6,7.0,6.7,7.3,7.7,6.5,7.3,6.9,10.1,47.0,46.0,46.0,40.0,42.0,38.0,63.0,34.0,38.0,31.0,49.0,46.0,41.0,48.0,560.0,560.0,551.0,516.0,566.0,561.0,655.0,577.0,594.0,615.0,659.0,632.0,621.0,537.0,366.0,372.0,411,455.0,450.0,416.0,370.0,497.0,453.0,378.0,321.0,372.0,420.0,421.0,364.0,340.0,337.0,341.0,359.0,370.0,422.0,361.0,365.0,422.0,445.0,418.0,410.0,374.0,2.2,1.7,4.5,-3.9,-4.4,0.3,-2.0,31.0,29.0,38.0,27.0,32.0,31.0,37.0,23.0,28.0,32.0,35.0,38.0,26.0,27.0,28.0,27.0,33.0,24.0,29.0,25.0,34.0,15.0,23.0,27.0,34.0,31.0,20.0,23.0,1.0,1.0,1.0,1.0,1.0,3.0,2.0,1.0,1.0,0.0,0.0,0.0,0.0,0.0,12.0,12.0,9.0,17.0,16.0,26.0,8.0,6.0,3.0,7.0,1.0,3.0,4.0,2.0,2.0,2.0,1.0,2.0,1.0,1.0,3.0,0.0,2.0,1.0,4.0,5.0,1.0,2.0,22.0,19.0,20.0,10.0,16.0,15.0,12.0,9.0,13.0,14.0,17.0,15.0,17.0,7.0,1.0,0.0,0.0,0.0,0.0,0.0,0.0,1.0,0.0,0.0,0.0,0.0,0.0,0.0,7.9,3.3,7.5,-5.6,-2.3,-0.4,8.4,6.1,6.4,6.7,7.1,7.6,6.7,6.2,5.9,6.8,7.0,6.0,6.9,6.7,8.2,3.8,1.8,2.0,1.2,0.6,-4.0,10.5,0.0,0.0,0.0,0.0,0.0,0.0,0.0,1.0,1.0,0.0,0.0,0.0,1.0,0.0,288.0,350.0,299.0,443.0,417.0,345.0,406.0,126.0,52.0,120.0,-90.0,-36.0,-6.0,134.0,1.0,0.0,0.0,0.0,1.0,0.0,0.0,0.0,0.0,0.0,0.0,0.0,0.0,0.0,414.0,402.0,419.0,353.0,381.0,339.0,540.0,82.2,83.3,77.1,102.4,88.9,86.9,92.5,90.8,91.1,99.1,89.5,93.4,87.8,116.8,6.1,3.5,6.4,-2.8,-3.8,-3.8,8.5,221.0,231.0,182.0,231.0,140.0,117.0,228.0,158.0,173.0,210.0,298.0,205.0,220.0,235.0,0.0,0.0,0.0,0.0,0.0,0.0,0.0,0.0,1.0,1.0,0.0,1.0,0.0,0.0,31.0,33.0,29.0,32.0,22.0,19.0,34.0,23.0,26.0,28.0,44.0,31.0,32.0,37.0,-1.8,0.3,-1.1,2.9,-1.6,-3.4,0.1,23.0,25.0,14.0,31.0,20.0,19.0,31.0,28.0,29.0,32.0,26.0,28.0,21.0,38.0,9.0,10.0,16,14.0,21.0,20.0,15.0,14.0,14.0,12.0,11.0,11.0,13.0,20.0,13.0,10.0,13.0,4.0,6.0,8.0,11.0,44.0,45.0,44.0,39.0,40.0,34.0,57.0,31.0,37.0,30.0,47.0,42.0,39.0,38.0,44.0,45.0,44.0,39.0,40.0,34.0,56.0,31.0,37.0,30.0,47.0,40.0,39.0,35.0,6.9,7.2,7.4,8.0,8.2,7.1,6.9,6.5,7.3,7.7,6.9,7.5,7.4,9.2,4.6,4.2,4.8,4.8,4.2,4.0,4.5,3.8,4.0,3.7,3.9,4.0,3.8,4.6,10.6,11.8,12.0,12.1,12.9,10.8,10.7,10.3,12.0,11.2,10.2,11.4,11.2,13.3,3625.0,3786.0,3878.0,3897.0,4478.0,3882.0,4267.0,3567.0,4192.0,4509.0,4243.0,4553.0,4379.0,4725.0,1694.0,1552.0,1971,2173.0,1894.0,1680.0,1672.0,1891.0,1834.0,1397.0,1247.0,1498.0,1606.0,1928.0
Tennessee Titans,2.0,0.0,1.0,0.0,1.0,5.0,5.0,2.0,2.0,2.0,1.0,1.0,1.0,3.0,1.0,0.0,1.0,0.0,0.0,3.0,0.0,0.0,0.0,1.0,1.0,0.0,0.0,1.0,1.0,2.0,2.0,3.0,0.0,2.0,2.0,5.6,5.7,6.2,5.7,6.5,7.1,6.3,5.8,6.1,5.1,5.6,5.5,5.4,6.8,6.4,6.3,7.0,6.5,7.4,8.2,7.2,6.5,6.7,5.9,6.4,6.7,6.6,7.5,40.0,34.0,36.0,41.0,28.0,37.0,46.0,32.0,34.0,54.0,37.0,47.0,51.0,43.0,625.0,591.0,564.0,545.0,545.0,503.0,635.0,474.0,584.0,540.0,533.0,513.0,551.0,504.0,474.0,461.0,483,446.0,515.0,462.0,356.0,406.0,376.0,378.0,462.0,356.0,371.0,476.0,410.0,369.0,374.0,344.0,347.0,319.0,388.0,273.0,353.0,318.0,328.0,299.0,342.0,307.0,1.9,1.2,-7.4,-0.6,-4.9,-4.6,-1.7,26.0,32.0,31.0,29.0,22.0,16.0,24.0,48.0,28.0,31.0,39.0,39.0,27.0,32.0,24.0,29.0,25.0,25.0,19.0,14.0,22.0,39.0,27.0,29.0,32.0,33.0,23.0,27.0,0.0,0.0,1.0,2.0,1.0,1.0,1.0,0.0,0.0,1.0,3.0,1.0,2.0,3.0,22.0,17.0,21.0,27.0,23.0,25.0,16.0,2.0,3.0,3.0,4.0,0.0,2.0,2.0,1.0,1.0,4.0,1.0,1.0,1.0,0.0,1.0,3.0,4.0,1.0,1.0,3.0,3.0,17.0,11.0,19.0,13.0,12.0,11.0,12.0,15.0,14.0,16.0,16.0,16.0,17.0,11.0,1.0,1.0,1.0,0.0,0.0,0.0,0.0,1.0,0.0,1.0,0.0,1.0,0.0,0.0,1.1,0.5,-8.8,-1.2,-11.5,-7.8,0.2,6.1,5.9,6.6,6.2,6.5,6.8,6.4,6.2,6.5,5.7,6.1,6.1,5.8,6.7,-0.9,-2.2,-2.6,-0.2,-7.0,-5.9,0.7,0.0,1.0,0.0,0.0,0.0,0.0,0.0,0.0,0.0,2.0,0.0,0.0,0.0,0.0,339.0,317.0,471.0,381.0,438.0,423.0,378.0,17.0,8.0,-141.0,-19.0,-184.0,-124.0,3.0,1.0,1.0,3.0,0.0,0.0,0.0,0.0,0.0,0.0,0.0,0.0,0.0,1.0,2.0,356.0,325.0,330.0,362.0,254.0,299.0,381.0,86.4,85.1,92.7,83.3,93.6,101.1,88.3,82.6,84.4,76.9,83.6,81.0,85.5,93.7,1.0,-1.0,-10.0,-0.8,-11.8,-10.5,-1.0,272.0,180.0,241.0,227.0,222.0,271.0,278.0,171.0,190.0,254.0,214.0,326.0,390.0,179.0,2.0,0.0,1.0,0.0,1.0,0.0,0.0,0.0,0.0,0.0,3.0,2.0,0.0,1.0,40.0,28.0,39.0,36.0,39.0,39.0,40.0,27.0,24.0,39.0,37.0,50.0,54.0,28.0,0.0,-1.5,-1.2,0.4,-0.3,-2.8,-1.2,23.0,21.0,31.0,15.0,28.0,34.0,25.0,24.0,22.0,17.0,22.0,20.0,25.0,29.0,7.0,10.0,16,21.0,17.0,11.0,10.0,13.0,8.0,10.0,16.0,6.0,10.0,16.0,6.0,9.0,6.0,7.0,2.0,3.0,9.0,38.0,34.0,35.0,41.0,27.0,31.0,41.0,30.0,32.0,52.0,38.0,47.0,50.0,40.0,38.0,34.0,35.0,41.0,27.0,29.0,39.0,30.0,32.0,52.0,37.0,47.0,48.0,35.0,6.9,6.4,7.5,7.0,7.3,7.9,7.2,6.9,7.0,6.6,7.0,7.3,7.1,7.4,3.9,4.5,4.2,4.0,4.3,3.9,4.0,4.3,3.8,4.5,4.1,4.1,4.0,4.6,10.5,10.3,11.2,11.2,11.5,12.4,11.8,12.0,11.7,11.2,11.3,12.5,11.4,12.1,4032.0,3629.0,3964.0,3612.0,3773.0,3678.0,4307.0,3107.0,3923.0,3323.0,3496.0,3412.0,3503.0,3541.0,1851.0,2053.0,2035,1795.0,2195.0,1797.0,1413.0,1727.0,1438.0,1687.0,1894.0,1447.0,1485.0,2187.0
Carolina Panthers,0.0,3.0,0.0,0.0,2.0,0.0,6.0,1.0,2.0,4.0,2.0,0.0,5.0,6.0,0.0,2.0,0.0,0.0,1.0,0.0,3.0,0.0,0.0,1.0,1.0,0.0,3.0,4.0,1.0,1.0,1.0,4.0,3.0,3.0,0.0,5.4,7.4,5.9,4.6,5.8,4.5,6.2,2.9,6.3,6.7,5.7,5.8,7.2,5.4,6.1,8.3,6.8,5.8,6.7,5.2,7.1,3.9,7.2,7.7,6.9,6.9,8.2,6.3,17.0,48.0,44.0,42.0,36.0,59.0,40.0,45.0,50.0,37.0,21.0,43.0,35.0,43.0,526.0,490.0,555.0,563.0,562.0,650.0,612.0,484.0,519.0,490.0,473.0,545.0,501.0,563.0,503.0,451.0,416,352.0,397.0,364.0,376.0,428.0,445.0,462.0,483.0,473.0,526.0,453.0,326.0,318.0,371.0,375.0,364.0,390.0,409.0,256.0,312.0,284.0,292.0,327.0,300.0,306.0,-4.1,-3.9,1.3,8.6,-0.7,2.1,-0.8,29.0,28.0,21.0,27.0,35.0,36.0,38.0,32.0,31.0,37.0,34.0,28.0,26.0,42.0,25.0,22.0,16.0,24.0,29.0,30.0,30.0,29.0,27.0,35.0,30.0,22.0,20.0,33.0,0.0,0.0,1.0,0.0,0.0,1.0,2.0,1.0,0.0,0.0,0.0,1.0,1.0,0.0,31.0,13.0,22.0,12.0,25.0,12.0,13.0,1.0,1.0,1.0,4.0,2.0,4.0,0.0,1.0,0.0,3.0,4.0,2.0,4.0,1.0,5.0,1.0,3.0,0.0,1.0,0.0,4.0,17.0,14.0,11.0,20.0,14.0,24.0,17.0,21.0,17.0,12.0,13.0,12.0,10.0,19.0,0.0,1.0,0.0,0.0,0.0,0.0,0.0,0.0,0.0,0.0,0.0,0.0,1.0,0.0,-13.3,-1.4,-0.4,7.8,-2.2,12.0,-2.1,6.1,7.6,6.0,5.5,6.1,5.4,6.5,4.3,6.9,7.0,5.9,6.0,6.7,6.2,-9.1,2.6,-0.5,0.6,-2.4,6.0,-0.2,0.0,0.0,0.0,0.0,0.0,0.0,0.0,0.0,0.0,0.0,0.0,2.0,0.0,0.0,408.0,429.0,363.0,241.0,374.0,308.0,402.0,-212.0,-23.0,-6.0,125.0,-35.0,192.0,-33.0,0.0,0.0,0.0,0.0,1.0,0.0,0.0,1.0,3.0,1.0,0.0,1.0,1.0,1.0,196.0,406.0,357.0,366.0,339.0,500.0,369.0,81.0,98.3,91.7,81.4,89.5,73.5,92.0,57.0,84.8,86.5,88.8,86.2,99.2,75.1,-13.2,-1.3,0.8,9.2,-3.1,8.1,-1.0,224.0,170.0,284.0,424.0,268.0,302.0,270.0,346.0,260.0,244.0,336.0,317.0,284.0,277.0,1.0,2.0,1.0,0.0,0.0,0.0,1.0,0.0,0.0,1.0,2.0,0.0,1.0,1.0,31.0,31.0,39.0,60.0,40.0,44.0,47.0,50.0,35.0,36.0,43.0,42.0,33.0,36.0,0.1,0.1,1.2,1.4,-0.9,-3.9,1.1,19.0,28.0,22.0,17.0,25.0,21.0,27.0,9.0,21.0,19.0,24.0,23.0,35.0,21.0,20.0,18.0,11,4.0,14.0,11.0,11.0,7.0,26.0,21.0,14.0,10.0,19.0,16.0,2.0,6.0,7.0,12.0,7.0,15.0,6.0,17.0,45.0,44.0,42.0,34.0,59.0,34.0,45.0,48.0,32.0,19.0,44.0,30.0,37.0,17.0,44.0,43.0,42.0,34.0,56.0,31.0,45.0,48.0,32.0,19.0,44.0,28.0,35.0,6.9,8.4,6.9,6.8,7.0,6.2,7.5,5.4,7.9,8.0,7.1,7.0,7.7,7.0,3.9,4.6,4.2,4.0,4.5,3.9,3.9,4.3,5.4,4.5,4.2,4.3,4.3,4.0,11.1,13.0,10.4,10.3,10.8,10.4,11.2,10.3,13.1,13.8,11.6,11.7,12.9,12.9,3393.0,3949.0,3568.0,3429.0,3645.0,3752.0,4291.0,2289.0,3829.0,3683.0,3043.0,3511.0,3589.0,3685.0,1981.0,2093.0,1761,1391.0,1792.0,1415.0,1465.0,1846.0,2408.0,2088.0,2026.0,2036.0,2282.0,1814.0
Pittsburgh Steelers,2.0,0.0,2.0,2.0,4.0,11.0,9.0,3.0,2.0,2.0,3.0,2.0,3.0,4.0,2.0,0.0,1.0,1.0,4.0,8.0,3.0,1.0,1.0,1.0,1.0,0.0,1.0,2.0,2.0,1.0,3.0,1.0,2.0,3.0,3.0,4.3,4.5,5.2,5.8,7.2,6.2,5.9,7.0,6.5,6.1,6.3,7.8,6.7,6.8,5.2,5.3,5.9,6.5,8.0,7.2,6.7,8.2,7.6,6.8,7.2,8.5,7.5,7.3,41.0,36.0,36.0,41.0,49.0,45.0,47.0,22.0,22.0,31.0,40.0,40.0,35.0,36.0,593.0,530.0,523.0,569.0,543.0,625.0,590.0,479.0,539.0,574.0,586.0,612.0,590.0,596.0,333.0,399.0,391,433.0,368.0,382.0,369.0,471.0,434.0,412.0,394.0,423.0,388.0,409.0,363.0,289.0,299.0,329.0,350.0,402.0,381.0,298.0,341.0,354.0,377.0,411.0,391.0,381.0,7.7,6.0,2.1,-1.0,-2.1,3.6,2.0,37.0,31.0,31.0,32.0,32.0,42.0,28.0,30.0,27.0,33.0,31.0,32.0,31.0,31.0,29.0,23.0,28.0,30.0,29.0,35.0,24.0,26.0,22.0,28.0,28.0,30.0,26.0,26.0,0.0,1.0,0.0,0.0,1.0,0.0,1.0,0.0,1.0,2.0,1.0,0.0,0.0,0.0,22.0,16.0,33.0,16.0,16.0,16.0,15.0,5.0,1.0,4.0,3.0,3.0,4.0,3.0,3.0,0.0,1.0,3.0,4.0,2.0,0.0,1.0,0.0,2.0,1.0,0.0,0.0,0.0,21.0,11.0,10.0,10.0,11.0,17.0,13.0,9.0,15.0,14.0,14.0,10.0,21.0,15.0,1.0,0.0,0.0,0.0,0.0,0.0,0.0,1.0,0.0,0.0,0.0,1.0,0.0,0.0,8.9,6.1,1.4,0.6,4.3,6.5,4.5,5.3,4.9,5.3,5.9,7.0,6.5,6.2,6.9,7.0,6.2,6.4,7.5,7.4,6.8,2.5,-0.8,-2.8,-0.9,4.4,5.1,2.8,0.0,0.0,0.0,0.0,0.0,0.0,0.0,0.0,0.0,0.0,0.0,0.0,0.0,1.0,232.0,227.0,314.0,370.0,368.0,319.0,327.0,143.0,98.0,22.0,9.0,68.0,104.0,72.0,0.0,1.0,0.0,1.0,1.0,1.0,0.0,0.0,0.0,1.0,0.0,0.0,0.0,0.0,375.0,325.0,336.0,379.0,436.0,423.0,399.0,73.1,71.7,79.0,82.7,98.3,90.9,87.3,95.2,89.7,88.1,92.3,103.2,91.2,93.9,10.2,5.3,-0.7,-2.0,2.2,8.7,4.7,319.0,230.0,196.0,205.0,194.0,311.0,259.0,289.0,279.0,225.0,289.0,172.0,219.0,175.0,0.0,2.0,0.0,1.0,1.0,0.0,1.0,0.0,0.0,0.0,0.0,0.0,0.0,0.0,48.0,35.0,37.0,34.0,33.0,48.0,38.0,43.0,42.0,37.0,43.0,33.0,33.0,21.0,1.3,-0.8,-2.0,-2.5,-2.0,2.2,0.2,15.0,15.0,19.0,21.0,30.0,29.0,20.0,22.0,21.0,27.0,28.0,33.0,26.0,33.0,5.0,7.0,9,18.0,9.0,6.0,15.0,15.0,13.0,8.0,9.0,10.0,16.0,13.0,12.0,12.0,8.0,8.0,11.0,10.0,11.0,38.0,36.0,34.0,39.0,45.0,34.0,37.0,19.0,21.0,31.0,39.0,38.0,32.0,32.0,38.0,36.0,34.0,39.0,45.0,32.0,37.0,18.0,21.0,30.0,38.0,38.0,29.0,29.0,6.3,5.6,6.0,6.6,7.8,7.5,7.0,8.1,8.0,7.0,7.3,8.2,8.2,7.3,3.0,4.0,3.7,4.3,4.4,3.8,4.3,4.1,4.4,3.7,3.5,4.1,4.4,4.3,10.3,10.3,10.6,11.4,12.1,11.6,10.9,13.1,12.7,11.3,11.4,12.2,12.3,11.5,3425.0,2751.0,2963.0,3546.0,4049.0,4350.0,3882.0,3601.0,4054.0,3787.0,4017.0,4825.0,4603.0,4202.0,1004.0,1597.0,1450,1849.0,1605.0,1459.0,1600.0,1924.0,1903.0,1537.0,1383.0,1752.0,1724.0,1760.0
Arizona Cardinals,2.0,2.0,0.0,4.0,5.0,0.0,4.0,0.0,1.0,2.0,2.0,0.0,5.0,1.0,1.0,0.0,0.0,1.0,2.0,0.0,1.0,0.0,0.0,1.0,2.0,0.0,2.0,1.0,2.0,6.0,3.0,3.0,3.0,2.0,1.0,5.9,5.8,4.9,5.1,6.2,5.4,5.3,3.7,4.9,3.4,5.7,6.2,8.0,5.7,6.7,6.7,5.7,6.0,7.0,6.3,6.5,4.7,6.1,4.4,6.6,6.8,8.7,6.5,31.0,37.0,25.0,41.0,32.0,58.0,51.0,45.0,34.0,37.0,35.0,32.0,34.0,41.0,533.0,578.0,497.0,625.0,579.0,573.0,547.0,561.0,550.0,608.0,574.0,568.0,562.0,646.0,526.0,475.0,506,370.0,396.0,373.0,424.0,320.0,389.0,352.0,422.0,397.0,452.0,399.0,324.0,340.0,270.0,367.0,365.0,343.0,344.0,285.0,307.0,337.0,363.0,320.0,353.0,383.0,-7.1,-0.5,1.6,3.7,4.4,3.4,-0.8,27.0,24.0,28.0,36.0,33.0,31.0,28.0,51.0,48.0,35.0,32.0,32.0,27.0,28.0,24.0,19.0,25.0,30.0,29.0,28.0,21.0,40.0,35.0,25.0,25.0,25.0,26.0,25.0,7.0,0.0,1.0,1.0,1.0,2.0,1.0,0.0,0.0,3.0,0.0,0.0,1.0,2.0,33.0,24.0,25.0,22.0,16.0,23.0,27.0,3.0,6.0,3.0,4.0,3.0,5.0,3.0,3.0,0.0,2.0,4.0,3.0,4.0,2.0,4.0,1.0,5.0,1.0,1.0,0.0,1.0,17.0,10.0,22.0,20.0,18.0,19.0,14.0,19.0,23.0,21.0,22.0,12.0,13.0,17.0,2.0,0.0,0.0,0.0,0.0,1.0,0.0,0.0,0.0,0.0,0.0,0.0,0.0,1.0,-9.1,-2.3,-6.7,3.4,0.7,11.0,3.5,6.5,6.0,6.0,5.5,6.8,6.1,5.7,4.8,5.9,4.5,6.5,6.4,7.8,6.0,-5.6,-1.7,-4.8,2.7,-2.4,9.0,2.4,0.0,0.0,1.0,0.0,0.0,0.0,0.0,0.0,0.0,0.0,0.0,0.0,0.0,0.0,434.0,348.0,357.0,324.0,299.0,313.0,362.0,-145.0,-36.0,-107.0,55.0,11.0,176.0,56.0,0.0,4.0,0.0,0.0,1.0,0.0,0.0,0.0,1.0,0.0,0.0,0.0,0.0,0.0,289.0,312.0,250.0,379.0,310.0,489.0,418.0,83.5,82.5,71.2,80.2,86.0,80.9,85.1,60.5,73.9,63.1,83.9,81.8,100.9,83.5,-12.7,-2.2,-3.2,6.4,2.0,12.3,1.6,227.0,304.0,228.0,337.0,244.0,270.0,374.0,343.0,387.0,378.0,289.0,182.0,159.0,289.0,0.0,0.0,0.0,2.0,0.0,2.0,2.0,0.0,3.0,1.0,1.0,0.0,0.0,0.0,33.0,42.0,38.0,47.0,35.0,36.0,48.0,50.0,54.0,58.0,41.0,28.0,27.0,41.0,-3.6,0.0,3.5,3.0,1.3,1.3,-1.9,22.0,17.0,20.0,29.0,22.0,24.0,21.0,10.0,21.0,11.0,24.0,21.0,35.0,28.0,19.0,15.0,12,5.0,9.0,9.0,16.0,9.0,12.0,10.0,12.0,6.0,16.0,20.0,5.0,8.0,5.0,10.0,11.0,13.0,7.0,29.0,33.0,25.0,37.0,27.0,58.0,47.0,45.0,33.0,38.0,33.0,32.0,29.0,40.0,29.0,33.0,25.0,37.0,27.0,53.0,43.0,44.0,33.0,38.0,33.0,32.0,27.0,37.0,7.3,6.9,6.9,6.5,7.6,6.9,6.8,5.8,7.2,5.6,7.5,7.0,8.5,6.8,4.4,4.2,4.3,3.7,4.4,3.9,3.6,4.3,4.2,3.4,3.6,3.3,4.2,4.3,12.0,11.8,12.7,11.1,12.0,11.5,10.9,11.5,12.9,10.0,11.8,12.5,13.5,11.6,3654.0,3696.0,3213.0,3728.0,4152.0,3687.0,3365.0,2921.0,3567.0,3005.0,4002.0,3808.0,4616.0,4136.0,2323.0,1986.0,2192,1351.0,1739.0,1460.0,1518.0,1388.0,1625.0,1204.0,1540.0,1308.0,1917.0,1732.0
Indianapolis Colts,0.0,1.0,2.0,6.0,3.0,2.0,3.0,1.0,0.0,3.0,1.0,0.0,3.0,3.0,0.0,0.0,1.0,4.0,0.0,1.0,2.0,1.0,0.0,0.0,0.0,0.0,1.0,1.0,0.0,1.0,4.0,4.0,1.0,2.0,4.0,6.1,7.2,6.5,6.0,6.3,6.3,7.1,6.5,4.6,5.6,6.1,7.3,5.1,6.6,6.8,8.0,7.3,6.9,7.2,7.1,7.9,6.8,5.4,6.4,6.8,7.8,5.8,7.6,51.0,25.0,40.0,40.0,53.0,37.0,47.0,42.0,47.0,42.0,37.0,44.0,47.0,42.0,535.0,493.0,535.0,536.0,543.0,585.0,582.0,679.0,534.0,628.0,582.0,661.0,619.0,584.0,445.0,540.0,428,448.0,423.0,452.0,409.0,393.0,382.0,440.0,409.0,415.0,396.0,409.0,356.0,351.0,334.0,324.0,320.0,354.0,378.0,450.0,302.0,339.0,350.0,410.0,355.0,370.0,-0.9,-5.3,-2.8,2.3,-0.8,-3.6,-2.7,28.0,27.0,33.0,40.0,31.0,27.0,31.0,36.0,34.0,41.0,30.0,19.0,35.0,40.0,26.0,23.0,26.0,35.0,30.0,25.0,27.0,31.0,29.0,32.0,23.0,15.0,28.0,34.0,1.0,1.0,0.0,0.0,1.0,1.0,1.0,0.0,2.0,0.0,1.0,2.0,1.0,2.0,14.0,24.0,21.0,14.0,31.0,19.0,16.0,2.0,1.0,7.0,4.0,1.0,4.0,4.0,2.0,2.0,4.0,1.0,1.0,4.0,0.0,4.0,1.0,3.0,1.0,3.0,0.0,1.0,10.0,8.0,12.0,15.0,12.0,17.0,8.0,17.0,14.0,18.0,10.0,16.0,19.0,15.0,1.0,0.0,1.0,0.0,0.0,0.0,1.0,1.0,0.0,0.0,0.0,0.0,0.0,0.0,2.9,-11.7,-1.9,3.4,5.6,-4.7,1.2,6.1,7.0,6.7,6.4,6.3,6.6,6.8,6.6,5.3,6.2,6.1,7.1,5.6,6.7,3.7,-6.0,-1.9,1.7,5.2,-3.1,3.1,1.0,0.0,0.0,1.0,0.0,0.0,0.0,0.0,1.0,1.0,0.0,0.0,0.0,0.0,388.0,430.0,387.0,336.0,369.0,408.0,392.0,47.0,-187.0,-30.0,55.0,89.0,-75.0,19.0,0.0,0.0,1.0,0.0,0.0,0.0,0.0,1.0,1.0,1.0,1.0,0.0,3.0,0.0,435.0,243.0,357.0,391.0,458.0,333.0,411.0,91.7,103.9,90.1,84.6,88.7,88.0,97.5,91.9,72.2,76.4,86.5,96.8,77.5,94.5,2.9,-11.3,-4.7,4.0,4.4,-6.7,0.4,194.0,192.0,189.0,248.0,263.0,251.0,211.0,91.0,228.0,246.0,227.0,168.0,224.0,289.0,0.0,0.0,0.0,2.0,0.0,1.0,0.0,0.0,0.0,0.0,1.0,1.0,0.0,1.0,30.0,29.0,32.0,42.0,41.0,35.0,33.0,16.0,35.0,41.0,32.0,29.0,37.0,44.0,-0.1,0.4,-2.8,0.6,-1.1,-2.0,-0.8,22.0,25.0,23.0,21.0,27.0,29.0,27.0,33.0,14.0,23.0,23.0,42.0,26.0,32.0,14.0,19.0,14,14.0,14.0,14.0,12.0,13.0,8.0,11.0,15.0,9.0,6.0,13.0,10.0,2.0,11.0,11.0,11.0,8.0,8.0,51.0,24.0,37.0,34.0,50.0,35.0,44.0,41.0,49.0,39.0,37.0,46.0,44.0,39.0,51.0,24.0,37.0,34.0,50.0,32.0,44.0,41.0,49.0,39.0,37.0,46.0,40.0,34.0,6.8,7.8,7.4,7.4,7.2,7.5,7.6,6.9,6.0,7.0,6.8,7.7,6.3,7.7,4.6,4.3,5.1,4.5,4.3,4.3,4.7,3.8,4.2,3.8,4.3,3.9,3.6,4.0,10.2,10.9,11.9,12.2,12.3,12.3,11.7,10.4,10.7,12.9,11.3,12.3,11.1,12.1,3433.0,3632.0,3788.0,3711.0,3669.0,4114.0,4200.0,4609.0,2995.0,4128.0,3725.0,4894.0,3704.0,4202.0,2032.0,2303.0,2200,2002.0,1814.0,1952.0,1926.0,1483.0,1594.0,1671.0,1743.0,1612.0,1438.0,1628.0
Minnesota Vikings,2.0,0.0,3.0,1.0,4.0,1.0,3.0,0.0,1.0,4.0,4.0,1.0,3.0,2.0,1.0,0.0,2.0,0.0,4.0,1.0,1.0,0.0,1.0,3.0,2.0,0.0,1.0,1.0,1.0,0.0,1.0,3.0,3.0,1.0,1.0,5.7,7.4,6.1,7.0,6.1,6.1,5.3,4.1,4.6,5.0,5.0,4.9,5.6,6.4,6.4,8.7,7.0,7.8,7.0,7.0,6.3,4.8,5.7,5.7,5.8,6.0,6.9,7.3,33.0,39.0,39.0,45.0,35.0,38.0,36.0,40.0,49.0,39.0,56.0,38.0,31.0,32.0,529.0,538.0,612.0,648.0,534.0,561.0,548.0,505.0,510.0,483.0,546.0,517.0,454.0,588.0,417.0,439.0,427,443.0,450.0,411.0,404.0,441.0,448.0,486.0,423.0,413.0,474.0,380.0,333.0,367.0,391.0,419.0,353.0,359.0,332.0,305.0,286.0,300.0,325.0,322.0,294.0,414.0,1.7,-4.1,1.8,-6.9,1.1,4.7,3.6,18.0,28.0,38.0,30.0,35.0,39.0,31.0,23.0,35.0,30.0,29.0,31.0,31.0,32.0,17.0,22.0,35.0,26.0,26.0,34.0,27.0,18.0,32.0,25.0,27.0,25.0,28.0,28.0,1.0,0.0,0.0,1.0,2.0,1.0,2.0,2.0,1.0,0.0,1.0,0.0,0.0,0.0,20.0,20.0,21.0,23.0,12.0,21.0,20.0,2.0,2.0,2.0,2.0,3.0,2.0,1.0,1.0,0.0,3.0,0.0,2.0,2.0,2.0,3.0,3.0,1.0,3.0,1.0,0.0,0.0,15.0,8.0,10.0,12.0,13.0,13.0,14.0,26.0,17.0,12.0,19.0,18.0,9.0,5.0,1.0,1.0,1.0,2.0,0.0,2.0,1.0,1.0,1.0,0.0,1.0,0.0,0.0,1.0,-4.2,-6.8,1.9,-5.6,-1.1,3.9,1.3,6.0,6.8,6.0,6.7,6.2,6.2,5.6,5.7,5.3,5.3,5.8,5.7,5.9,6.1,-3.3,-1.6,1.6,0.2,-2.8,1.1,-2.6,0.0,0.0,0.0,0.0,2.0,0.0,0.0,0.0,0.0,0.0,0.0,1.0,0.0,0.0,348.0,449.0,348.0,480.0,343.0,302.0,307.0,-67.0,-109.0,31.0,-89.0,-18.0,63.0,20.0,0.0,0.0,1.0,1.0,0.0,1.0,2.0,1.0,1.0,0.0,1.0,0.0,0.0,0.0,281.0,340.0,379.0,391.0,325.0,365.0,327.0,86.4,107.6,92.3,98.6,92.8,90.1,83.0,67.7,74.6,81.2,76.0,79.2,87.9,97.7,-1.6,-5.7,3.4,-6.6,-1.7,5.8,0.9,177.0,342.0,284.0,274.0,217.0,283.0,310.0,230.0,298.0,184.0,218.0,322.0,318.0,283.0,0.0,1.0,0.0,0.0,0.0,0.0,1.0,0.0,1.0,0.0,0.0,2.0,1.0,0.0,31.0,50.0,44.0,41.0,41.0,43.0,41.0,36.0,49.0,32.0,44.0,51.0,45.0,38.0,2.6,1.1,1.4,-1.1,-0.5,1.9,-0.3,25.0,34.0,28.0,37.0,26.0,24.0,22.0,14.0,20.0,18.0,18.0,17.0,14.0,20.0,10.0,10.0,10,14.0,10.0,7.0,9.0,16.0,18.0,16.0,23.0,12.0,18.0,9.0,6.0,3.0,10.0,5.0,7.0,11.0,8.0,31.0,39.0,36.0,44.0,29.0,37.0,33.0,42.0,49.0,35.0,53.0,37.0,28.0,29.0,30.0,38.0,36.0,43.0,29.0,33.0,26.0,42.0,49.0,33.0,53.0,36.0,28.0,29.0,6.7,8.1,6.8,7.5,7.1,7.2,6.6,6.6,6.4,6.1,6.7,6.9,7.1,7.0,3.9,3.9,4.0,4.0,4.3,4.3,4.2,4.4,5.2,5.4,4.9,4.4,4.7,3.2,10.6,11.9,10.7,11.6,10.7,11.3,11.0,10.9,11.4,9.8,11.2,11.1,11.0,9.9,3367.0,4019.0,3908.0,4595.0,3572.0,3762.0,3327.0,3097.0,2957.0,2751.0,3427.0,3244.0,2928.0,3836.0,1635.0,1712.0,1692,1767.0,1943.0,1748.0,1711.0,1942.0,2318.0,2634.0,2081.0,1804.0,2211.0,1205.0
Detroit Lions,5.0,3.0,1.0,5.0,3.0,3.0,2.0,3.0,1.0,3.0,9.0,3.0,3.0,3.0,2.0,3.0,1.0,2.0,1.0,0.0,1.0,0.0,1.0,2.0,4.0,2.0,1.0,2.0,4.0,3.0,4.0,2.0,5.0,2.0,8.0,5.9,5.3,6.2,6.2,5.2,6.9,7.3,5.5,7.0,6.0,6.4,6.1,6.3,6.6,7.0,6.1,7.0,7.0,6.0,8.0,7.9,6.0,7.8,6.5,6.9,6.9,7.1,7.3,41.0,57.0,39.0,48.0,35.0,42.0,36.0,45.0,41.0,47.0,37.0,32.0,47.0,42.0,518.0,604.0,544.0,572.0,592.0,528.0,549.0,633.0,666.0,740.0,634.0,604.0,632.0,594.0,443.0,410.0,420,377.0,350.0,428.0,389.0,404.0,356.0,391.0,445.0,396.0,354.0,350.0,330.0,376.0,346.0,338.0,383.0,360.0,399.0,383.0,423.0,445.0,371.0,365.0,420.0,388.0,-0.5,-0.8,-4.4,-0.5,5.2,-1.3,-0.1,30.0,29.0,36.0,24.0,38.0,24.0,36.0,20.0,34.0,41.0,40.0,23.0,29.0,26.0,25.0,24.0,32.0,19.0,25.0,22.0,31.0,19.0,30.0,31.0,37.0,18.0,25.0,22.0,1.0,2.0,0.0,1.0,1.0,1.0,0.0,0.0,1.0,2.0,1.0,0.0,1.0,0.0,20.0,20.0,24.0,28.0,21.0,17.0,9.0,3.0,4.0,4.0,3.0,5.0,3.0,8.0,2.0,5.0,0.0,1.0,1.0,1.0,1.0,2.0,3.0,4.0,3.0,0.0,1.0,1.0,14.0,21.0,11.0,15.0,20.0,9.0,10.0,16.0,16.0,17.0,19.0,12.0,14.0,10.0,1.0,0.0,0.0,1.0,0.0,0.0,0.0,1.0,1.0,2.0,0.0,0.0,0.0,0.0,-0.4,5.4,-4.1,1.2,2.4,-2.6,-0.8,6.2,5.9,6.2,6.5,5.8,6.6,6.9,5.8,6.9,6.4,6.8,6.2,6.2,6.5,2.4,6.9,2.1,-1.2,-3.2,1.0,-1.3,0.0,0.0,0.0,0.0,0.0,0.0,0.0,0.0,0.0,0.0,0.0,0.0,0.0,0.0,369.0,387.0,437.0,376.0,282.0,400.0,358.0,-7.0,87.0,-65.0,19.0,39.0,-42.0,-12.0,0.0,0.0,0.0,1.0,0.0,0.0,2.0,1.0,1.0,2.0,0.0,1.0,0.0,0.0,362.0,476.0,372.0,395.0,321.0,358.0,346.0,89.2,82.1,91.7,85.0,83.0,100.9,106.5,82.0,97.2,81.5,84.2,85.9,95.1,93.3,1.9,6.1,-2.3,-1.6,2.1,-0.2,-1.4,288.0,271.0,237.0,249.0,295.0,279.0,161.0,191.0,257.0,212.0,168.0,254.0,251.0,216.0,1.0,1.0,1.0,2.0,1.0,2.0,2.0,0.0,1.0,0.0,0.0,1.0,0.0,0.0,44.0,41.0,34.0,33.0,42.0,43.0,26.0,27.0,36.0,29.0,23.0,45.0,44.0,37.0,2.3,0.6,1.8,-2.8,-0.4,2.4,-0.6,23.0,26.0,26.0,24.0,23.0,27.0,33.0,26.0,41.0,22.0,29.0,22.0,33.0,24.0,18.0,10.0,13,10.0,8.0,18.0,8.0,11.0,9.0,17.0,15.0,11.0,7.0,9.0,6.0,10.0,4.0,7.0,11.0,7.0,9.0,36.0,54.0,38.0,43.0,32.0,39.0,33.0,42.0,41.0,46.0,29.0,30.0,44.0,39.0,35.0,54.0,38.0,42.0,32.0,36.0,31.0,42.0,41.0,46.0,29.0,30.0,41.0,36.0,7.3,6.8,7.0,7.3,6.8,7.7,7.5,6.3,7.6,6.9,7.3,7.1,7.1,7.3,4.5,5.0,4.5,4.2,3.2,4.2,4.4,4.0,4.3,4.1,4.0,3.6,3.8,3.7,11.5,10.9,11.0,12.4,10.4,11.3,10.4,10.4,12.0,11.5,12.5,11.7,10.6,11.2,3498.0,3831.0,3569.0,3950.0,3706.0,3789.0,3975.0,3810.0,4814.0,4927.0,4482.0,4030.0,4212.0,4111.0,1999.0,2050.0,1889,1596.0,1109.0,1808.0,1701.0,1613.0,1523.0,1613.0,1792.0,1422.0,1335.0,1310.0
San Diego Chargers,2.0,1.0,0.0,0.0,0.0,3.0,2.0,2.0,3.0,3.0,0.0,2.0,3.0,3.0,2.0,1.0,0.0,0.0,0.0,2.0,0.0,0.0,2.0,1.0,0.0,0.0,3.0,2.0,1.0,1.0,0.0,4.0,3.0,1.0,1.0,4.6,6.7,6.0,7.0,6.5,6.9,5.8,7.8,6.6,5.4,7.8,6.4,6.5,6.4,5.7,7.5,6.8,7.9,7.2,7.8,6.6,8.8,7.3,6.5,8.5,7.2,7.3,7.1,51.0,46.0,39.0,42.0,40.0,35.0,48.0,37.0,42.0,41.0,39.0,37.0,44.0,46.0,488.0,478.0,568.0,548.0,524.0,510.0,580.0,544.0,582.0,528.0,544.0,574.0,667.0,580.0,404.0,448.0,406,376.0,438.0,417.0,410.0,457.0,436.0,411.0,486.0,398.0,393.0,398.0,285.0,299.0,347.0,364.0,320.0,328.0,364.0,359.0,366.0,338.0,378.0,380.0,442.0,349.0,1.6,-1.8,-0.4,2.1,1.2,-1.1,-3.0,33.0,35.0,27.0,37.0,26.0,32.0,32.0,16.0,28.0,21.0,30.0,34.0,34.0,38.0,27.0,28.0,25.0,34.0,22.0,26.0,26.0,16.0,25.0,19.0,23.0,28.0,29.0,33.0,0.0,1.0,2.0,0.0,3.0,0.0,2.0,2.0,0.0,1.0,1.0,0.0,0.0,1.0,25.0,19.0,24.0,14.0,15.0,20.0,22.0,1.0,1.0,0.0,4.0,3.0,2.0,1.0,3.0,1.0,5.0,1.0,0.0,1.0,3.0,0.0,4.0,2.0,2.0,2.0,5.0,3.0,16.0,17.0,14.0,11.0,7.0,11.0,18.0,13.0,20.0,15.0,11.0,18.0,13.0,21.0,0.0,1.0,1.0,0.0,0.0,0.0,0.0,3.0,1.0,0.0,0.0,0.0,0.0,0.0,7.4,1.8,0.0,3.0,0.0,-4.9,-0.8,5.3,7.0,6.1,7.1,6.2,7.0,6.5,7.8,7.2,5.7,7.5,6.7,6.5,6.8,3.2,2.7,-2.0,0.5,0.7,-1.5,3.0,0.0,0.0,0.0,0.0,0.0,0.0,0.0,1.0,0.0,1.0,0.0,0.0,0.0,0.0,322.0,377.0,350.0,348.0,348.0,398.0,423.0,119.0,29.0,0.0,48.0,0.0,-78.0,-13.0,0.0,0.0,1.0,0.0,0.0,0.0,0.0,1.0,0.0,0.0,0.0,0.0,0.0,1.0,441.0,406.0,350.0,396.0,348.0,320.0,410.0,76.2,92.5,87.9,96.4,91.3,93.8,83.8,101.9,88.7,88.5,105.5,93.4,94.5,87.6,4.8,0.9,-2.3,2.7,1.9,-2.6,0.1,290.0,187.0,244.0,248.0,178.0,222.0,230.0,227.0,198.0,311.0,150.0,198.0,264.0,188.0,1.0,0.0,1.0,0.0,1.0,0.0,1.0,0.0,0.0,0.0,0.0,0.0,1.0,1.0,47.0,32.0,38.0,35.0,26.0,32.0,35.0,38.0,30.0,49.0,30.0,37.0,40.0,36.0,-2.6,-0.9,-2.3,-0.3,1.9,2.2,0.9,18.0,29.0,28.0,23.0,24.0,22.0,21.0,30.0,27.0,26.0,32.0,31.0,30.0,33.0,14.0,8.0,10,14.0,11.0,17.0,20.0,18.0,16.0,4.0,9.0,6.0,4.0,10.0,9.0,8.0,7.0,9.0,9.0,4.0,5.0,48.0,45.0,39.0,42.0,40.0,32.0,46.0,37.0,40.0,39.0,39.0,36.0,41.0,42.0,48.0,44.0,39.0,42.0,40.0,28.0,42.0,36.0,40.0,39.0,39.0,36.0,39.0,42.0,6.4,7.9,6.9,8.0,6.9,7.9,7.3,8.7,7.9,6.8,8.2,7.5,7.3,7.6,3.7,4.4,3.8,4.6,4.5,4.8,3.8,4.0,4.3,3.6,4.0,3.4,3.5,3.8,11.0,12.6,11.3,12.1,11.3,12.2,11.6,13.2,12.6,10.7,11.8,11.3,11.0,12.6,2845.0,3591.0,3681.0,4139.0,3427.0,3786.0,3987.0,4519.0,4426.0,3295.0,4328.0,4098.0,4591.0,4198.0,1500.0,1955.0,1542,1725.0,1986.0,2005.0,1567.0,1810.0,1864.0,1461.0,1965.0,1367.0,1358.0,1510.0
San Francisco 49ers,1.0,1.0,0.0,0.0,0.0,2.0,2.0,0.0,2.0,2.0,2.0,0.0,4.0,1.0,1.0,1.0,0.0,0.0,0.0,1.0,2.0,0.0,1.0,2.0,1.0,0.0,3.0,1.0,2.0,6.0,2.0,3.0,3.0,2.0,1.0,6.0,4.9,4.9,5.0,5.2,7.3,7.2,5.6,6.2,7.1,6.7,5.6,5.3,5.4,6.8,5.8,5.7,5.8,5.9,8.0,8.0,6.6,7.4,8.4,7.8,6.9,6.5,6.4,34.0,35.0,44.0,44.0,33.0,24.0,36.0,36.0,23.0,28.0,31.0,39.0,43.0,56.0,550.0,579.0,567.0,585.0,551.0,549.0,521.0,500.0,451.0,436.0,417.0,487.0,526.0,491.0,447.0,353.0,407,397.0,402.0,504.0,548.0,401.0,498.0,492.0,505.0,470.0,390.0,458.0,358.0,333.0,337.0,345.0,324.0,375.0,322.0,282.0,277.0,289.0,244.0,292.0,322.0,287.0,-1.1,6.6,6.7,6.6,2.1,0.5,-7.5,27.0,52.0,42.0,36.0,31.0,27.0,21.0,33.0,27.0,27.0,25.0,20.0,37.0,32.0,22.0,44.0,29.0,32.0,25.0,24.0,18.0,28.0,22.0,22.0,20.0,20.0,28.0,29.0,0.0,0.0,2.0,3.0,1.0,0.0,0.0,1.0,0.0,1.0,0.0,1.0,0.0,1.0,22.0,14.0,26.0,20.0,18.0,21.0,29.0,2.0,6.0,2.0,4.0,2.0,2.0,1.0,3.0,1.0,2.0,2.0,2.0,1.0,0.0,1.0,0.0,0.0,0.0,1.0,2.0,0.0,15.0,23.0,14.0,18.0,23.0,9.0,10.0,15.0,5.0,8.0,8.0,10.0,12.0,10.0,0.0,1.0,0.0,0.0,0.0,0.0,0.0,1.0,0.0,0.0,1.0,0.0,0.0,0.0,-2.6,9.4,7.8,8.4,-2.1,-9.3,-10.7,6.3,6.0,5.3,5.7,6.0,7.2,6.9,6.2,5.9,6.9,6.5,5.7,5.7,5.4,-4.7,1.7,3.5,3.5,-3.0,-6.0,-3.7,1.0,0.0,0.0,0.0,0.0,0.0,0.0,0.0,0.0,1.0,0.0,1.0,0.0,0.0,346.0,229.0,273.0,272.0,340.0,387.0,480.0,-41.0,151.0,124.0,134.0,-34.0,-149.0,-171.0,1.0,1.0,0.0,0.0,0.0,0.0,0.0,0.0,0.0,1.0,0.0,1.0,0.0,0.0,305.0,380.0,397.0,406.0,306.0,238.0,309.0,90.0,73.6,78.0,76.4,79.5,98.1,96.9,79.4,91.4,101.2,91.7,86.3,82.6,83.4,-5.8,8.3,10.2,10.1,-1.0,-5.5,-11.2,244.0,283.0,270.0,283.0,200.0,196.0,165.0,257.0,263.0,253.0,231.0,344.0,330.0,255.0,0.0,1.0,1.0,1.0,0.0,0.0,1.0,0.0,1.0,1.0,1.0,0.0,2.0,2.0,36.0,42.0,38.0,38.0,36.0,28.0,33.0,44.0,44.0,41.0,39.0,52.0,53.0,47.0,-3.3,-1.1,2.5,1.8,1.2,3.8,-0.5,25.0,20.0,19.0,19.0,29.0,21.0,30.0,19.0,18.0,23.0,21.0,20.0,16.0,21.0,9.0,3.0,7,11.0,7.0,20.0,25.0,10.0,14.0,17.0,18.0,10.0,7.0,15.0,6.0,13.0,11.0,12.0,8.0,5.0,2.0,33.0,34.0,44.0,44.0,33.0,21.0,34.0,37.0,21.0,27.0,28.0,40.0,39.0,54.0,33.0,34.0,44.0,44.0,33.0,20.0,33.0,36.0,21.0,27.0,28.0,40.0,35.0,51.0,7.2,6.9,6.1,6.5,6.8,8.0,7.7,7.2,7.1,8.1,7.7,7.0,6.9,6.4,3.5,3.5,3.7,3.9,4.0,4.0,4.8,4.1,4.1,5.1,4.4,4.6,4.0,4.4,11.0,11.9,10.3,11.1,11.5,11.7,12.5,12.8,11.5,12.3,13.2,11.7,11.3,11.0,3697.0,3695.0,3203.0,3536.0,3531.0,4179.0,3848.0,3356.0,2930.0,3298.0,2979.0,3063.0,3316.0,2911.0,1547.0,1236.0,1507,1535.0,1612.0,2020.0,2654.0,1657.0,2044.0,2491.0,2201.0,2176.0,1544.0,2019.0
New Orleans Saints,0.0,3.0,1.0,1.0,1.0,4.0,5.0,3.0,0.0,0.0,1.0,4.0,4.0,5.0,0.0,2.0,1.0,0.0,0.0,1.0,2.0,2.0,0.0,0.0,1.0,3.0,2.0,3.0,4.0,3.0,1.0,3.0,2.0,1.0,2.0,5.6,6.4,7.3,5.3,6.9,8.8,7.4,6.0,8.2,7.2,7.5,6.8,7.3,7.4,6.5,7.2,8.0,6.5,7.7,9.7,8.1,6.5,8.8,7.7,8.3,7.4,8.0,7.9,44.0,66.0,58.0,49.0,49.0,51.0,55.0,30.0,37.0,53.0,32.0,46.0,59.0,51.0,494.0,626.0,602.0,507.0,546.0,544.0,582.0,661.0,662.0,671.0,651.0,659.0,667.0,674.0,421.0,351.0,457,387.0,442.0,422.0,396.0,380.0,431.0,370.0,391.0,406.0,397.0,404.0,306.0,362.0,370.0,304.0,341.0,372.0,378.0,450.0,472.0,423.0,446.0,456.0,460.0,472.0,0.8,0.8,-5.1,5.0,-4.8,-7.6,-5.3,31.0,34.0,22.0,32.0,22.0,26.0,34.0,34.0,32.0,33.0,28.0,32.0,27.0,35.0,25.0,28.0,18.0,24.0,19.0,18.0,28.0,28.0,27.0,27.0,24.0,31.0,22.0,32.0,0.0,2.0,0.0,0.0,0.0,1.0,0.0,2.0,0.0,0.0,1.0,1.0,0.0,2.0,23.0,6.0,13.0,12.0,22.0,17.0,17.0,5.0,4.0,2.0,3.0,2.0,2.0,4.0,2.0,1.0,4.0,0.0,0.0,0.0,0.0,4.0,1.0,3.0,1.0,3.0,2.0,2.0,9.0,9.0,15.0,12.0,12.0,9.0,9.0,22.0,14.0,19.0,12.0,17.0,12.0,15.0,0.0,0.0,0.0,0.0,0.0,0.0,0.0,0.0,1.0,1.0,0.0,0.0,0.0,0.0,4.8,13.0,0.4,6.9,-1.4,-4.3,0.9,5.9,6.3,7.4,5.6,6.9,7.9,7.2,6.5,7.8,7.2,7.1,6.9,7.1,7.2,1.5,10.6,6.5,3.8,1.9,1.1,6.8,0.0,0.0,1.0,0.0,0.0,1.0,0.0,0.0,0.0,0.0,0.0,0.0,0.0,1.0,307.0,339.0,454.0,304.0,424.0,476.0,454.0,77.0,208.0,7.0,110.0,-23.0,-68.0,15.0,0.0,1.0,0.0,0.0,0.0,1.0,0.0,0.0,0.0,0.0,0.0,0.0,0.0,0.0,384.0,547.0,461.0,414.0,401.0,406.0,469.0,83.2,86.4,93.8,83.6,92.9,116.2,98.1,90.8,110.5,96.4,104.5,97.0,100.6,102.5,2.3,11.4,1.4,8.8,-2.9,-6.6,1.5,250.0,256.0,194.0,336.0,188.0,211.0,213.0,195.0,158.0,190.0,244.0,188.0,235.0,184.0,1.0,0.0,0.0,0.0,2.0,0.0,1.0,0.0,0.0,1.0,0.0,0.0,0.0,0.0,33.0,33.0,30.0,49.0,34.0,31.0,30.0,26.0,24.0,26.0,37.0,30.0,32.0,27.0,-2.5,-1.6,1.0,1.9,-1.5,-2.3,0.6,13.0,24.0,31.0,20.0,26.0,45.0,27.0,33.0,46.0,43.0,39.0,33.0,32.0,38.0,13.0,11.0,18,11.0,17.0,12.0,19.0,9.0,16.0,10.0,10.0,16.0,16.0,17.0,11.0,13.0,7.0,11.0,7.0,7.0,7.0,43.0,63.0,57.0,48.0,47.0,46.0,50.0,29.0,37.0,53.0,32.0,43.0,54.0,46.0,43.0,63.0,57.0,48.0,46.0,44.0,49.0,27.0,36.0,53.0,32.0,43.0,52.0,44.0,6.8,7.0,8.1,6.8,7.7,8.7,7.9,7.0,8.3,7.7,7.9,7.5,7.8,7.8,4.3,5.0,5.2,4.6,4.8,4.9,4.1,4.0,4.9,4.3,3.8,4.5,3.8,4.3,11.0,12.2,13.2,11.3,12.3,12.8,12.2,10.3,11.7,12.3,11.6,10.9,11.3,11.1,3103.0,4157.0,4681.0,3105.0,4019.0,4544.0,4380.0,4441.0,5347.0,4997.0,4918.0,4764.0,4970.0,5074.0,1797.0,1738.0,2361,1786.0,2125.0,2071.0,1626.0,1519.0,2127.0,1577.0,1473.0,1818.0,1491.0,1742.0
Seattle Seahawks,2.0,1.0,0.0,1.0,1.0,5.0,2.0,3.0,1.0,1.0,5.0,2.0,3.0,4.0,2.0,0.0,0.0,0.0,0.0,1.0,1.0,2.0,1.0,0.0,2.0,1.0,2.0,3.0,0.0,1.0,4.0,4.0,2.0,3.0,4.0,6.5,5.0,4.6,3.2,5.0,5.2,5.9,4.7,5.0,7.1,7.3,6.7,7.7,6.6,7.4,5.7,5.3,4.0,5.8,6.0,6.9,5.4,6.1,8.2,8.7,7.9,9.0,7.7,33.0,35.0,49.0,45.0,43.0,49.0,37.0,46.0,32.0,24.0,21.0,27.0,28.0,33.0,585.0,543.0,564.0,524.0,507.0,548.0,537.0,544.0,509.0,405.0,420.0,454.0,489.0,567.0,452.0,473.0,368,422.0,380.0,362.0,441.0,385.0,444.0,536.0,509.0,525.0,500.0,403.0,339.0,324.0,327.0,309.0,313.0,333.0,331.0,324.0,299.0,259.0,267.0,287.0,333.0,368.0,-5.5,1.3,7.7,8.9,7.1,6.0,4.5,30.0,30.0,27.0,35.0,37.0,31.0,37.0,30.0,37.0,25.0,27.0,24.0,28.0,27.0,25.0,25.0,24.0,33.0,31.0,29.0,33.0,25.0,28.0,23.0,26.0,21.0,27.0,19.0,0.0,0.0,1.0,1.0,0.0,3.0,1.0,1.0,1.0,1.0,1.0,0.0,2.0,0.0,18.0,22.0,16.0,26.0,23.0,17.0,22.0,0.0,1.0,5.0,5.0,5.0,3.0,3.0,2.0,4.0,2.0,3.0,2.0,0.0,0.0,1.0,1.0,1.0,0.0,0.0,0.0,0.0,12.0,22.0,18.0,28.0,13.0,14.0,11.0,20.0,14.0,10.0,9.0,7.0,8.0,12.0,3.0,0.0,1.0,0.0,0.0,1.0,0.0,0.0,1.0,0.0,0.0,0.0,1.0,0.0,-6.1,0.4,10.4,11.6,8.8,9.1,3.9,6.4,6.1,5.4,4.8,5.5,5.8,6.2,5.8,5.6,6.9,7.0,6.6,7.1,6.8,-3.9,-0.5,4.5,4.1,2.4,5.4,-2.4,1.0,1.0,2.0,0.0,1.0,0.0,0.0,0.0,0.0,0.0,1.0,1.0,0.0,0.0,407.0,315.0,245.0,231.0,254.0,277.0,292.0,-97.0,6.0,167.0,186.0,140.0,146.0,62.0,0.0,0.0,0.0,0.0,0.0,1.0,0.0,1.0,2.0,0.0,0.0,1.0,1.0,0.0,310.0,321.0,412.0,417.0,394.0,423.0,354.0,89.7,74.8,71.8,63.4,80.4,78.1,85.0,72.1,77.6,100.6,102.4,95.1,109.8,93.4,-9.4,0.8,12.2,13.0,9.5,11.3,2.1,246.0,232.0,247.0,298.0,234.0,255.0,272.0,195.0,339.0,203.0,272.0,242.0,271.0,298.0,1.0,1.0,0.0,2.0,1.0,0.0,1.0,0.0,0.0,1.0,0.0,1.0,1.0,1.0,37.0,33.0,36.0,44.0,37.0,37.0,42.0,35.0,50.0,33.0,44.0,42.0,46.0,42.0,-3.4,0.4,1.8,1.4,0.8,2.2,-1.7,31.0,18.0,15.0,16.0,17.0,14.0,16.0,14.0,15.0,27.0,27.0,20.0,34.0,23.0,13.0,10.0,8,4.0,8.0,10.0,16.0,13.0,15.0,16.0,14.0,20.0,10.0,13.0,7.0,7.0,11.0,13.0,12.0,10.0,10.0,31.0,34.0,48.0,44.0,41.0,44.0,35.0,44.0,32.0,24.0,17.0,25.0,25.0,29.0,31.0,34.0,46.0,44.0,41.0,40.0,29.0,44.0,31.0,24.0,17.0,25.0,22.0,29.0,7.2,6.9,6.2,5.8,6.3,6.6,7.2,6.5,6.8,8.0,8.4,7.7,8.3,7.8,4.2,3.8,4.5,3.9,3.4,3.6,3.4,3.7,4.0,4.8,4.3,5.3,4.5,3.9,12.5,11.6,10.7,9.9,10.2,10.9,11.7,10.9,11.5,12.5,13.1,12.2,12.2,12.0,3994.0,3518.0,3250.0,2752.0,2970.0,3364.0,3612.0,3341.0,3105.0,3031.0,3236.0,3250.0,3790.0,4124.0,1903.0,1797.0,1649,1626.0,1304.0,1304.0,1487.0,1424.0,1756.0,2579.0,2188.0,2762.0,2268.0,1591.0
Green Bay Packers,0.0,1.0,3.0,4.0,3.0,6.0,4.0,0.0,6.0,3.0,2.0,3.0,2.0,5.0,0.0,0.0,1.0,0.0,1.0,4.0,2.0,0.0,4.0,1.0,0.0,1.0,1.0,0.0,0.0,1.0,2.0,4.0,2.0,2.0,0.0,4.1,6.0,5.1,7.0,5.5,5.6,6.8,7.2,9.4,7.4,6.6,8.4,6.1,7.1,5.1,6.6,6.1,8.0,6.4,6.5,7.8,8.1,10.5,8.6,7.6,9.2,7.1,7.9,46.0,70.0,53.0,46.0,58.0,42.0,51.0,24.0,40.0,37.0,50.0,39.0,36.0,45.0,527.0,637.0,568.0,539.0,564.0,551.0,571.0,541.0,552.0,558.0,570.0,536.0,573.0,620.0,395.0,383.0,418,432.0,449.0,420.0,376.0,421.0,395.0,433.0,459.0,435.0,436.0,374.0,296.0,390.0,313.0,332.0,333.0,321.0,370.0,352.0,376.0,374.0,366.0,349.0,348.0,403.0,7.9,-0.1,2.4,-3.6,0.4,3.3,-2.0,28.0,28.0,33.0,37.0,33.0,28.0,30.0,29.0,27.0,30.0,30.0,24.0,28.0,29.0,22.0,24.0,21.0,33.0,27.0,24.0,26.0,24.0,22.0,26.0,24.0,21.0,24.0,27.0,1.0,1.0,1.0,3.0,1.0,1.0,0.0,0.0,0.0,0.0,0.0,1.0,3.0,1.0,20.0,15.0,16.0,19.0,19.0,24.0,21.0,1.0,2.0,3.0,3.0,2.0,2.0,3.0,3.0,4.0,1.0,0.0,3.0,2.0,0.0,1.0,0.0,0.0,3.0,0.0,0.0,0.0,24.0,31.0,18.0,11.0,18.0,16.0,17.0,13.0,8.0,8.0,16.0,6.0,8.0,8.0,0.0,1.0,0.0,0.0,0.0,0.0,0.0,0.0,0.0,0.0,1.0,1.0,0.0,1.0,9.3,12.6,6.1,-0.7,8.6,2.8,2.8,5.4,7.2,5.7,6.8,6.0,6.1,7.1,7.1,8.3,6.6,6.9,7.5,5.7,6.4,3.1,11.5,4.9,0.5,7.9,2.0,4.9,0.0,0.0,1.0,0.0,0.0,0.0,0.0,0.0,0.0,1.0,0.0,0.0,0.0,0.0,240.0,359.0,336.0,428.0,348.0,323.0,388.0,148.0,201.0,97.0,-11.0,138.0,45.0,44.0,0.0,1.0,1.0,1.0,2.0,0.0,0.0,1.0,1.0,0.0,0.0,1.0,0.0,0.0,388.0,560.0,433.0,417.0,486.0,368.0,432.0,67.2,80.6,76.8,95.9,82.0,80.1,95.9,98.9,122.6,108.3,91.7,109.9,92.7,102.3,10.9,11.4,7.3,-3.1,8.3,5.3,2.8,333.0,192.0,309.0,238.0,261.0,256.0,295.0,231.0,237.0,293.0,270.0,186.0,322.0,246.0,0.0,0.0,0.0,0.0,1.0,0.0,0.0,0.0,2.0,0.0,1.0,3.0,1.0,0.0,47.0,29.0,47.0,44.0,41.0,43.0,40.0,38.0,41.0,51.0,45.0,30.0,47.0,35.0,1.7,-1.2,1.2,-2.4,-0.3,2.5,0.1,16.0,29.0,24.0,30.0,26.0,20.0,32.0,31.0,51.0,40.0,25.0,38.0,31.0,40.0,6.0,10.0,12,16.0,11.0,13.0,11.0,11.0,12.0,9.0,17.0,14.0,8.0,11.0,10.0,15.0,11.0,8.0,12.0,10.0,10.0,46.0,69.0,50.0,42.0,55.0,36.0,47.0,24.0,35.0,34.0,49.0,37.0,34.0,40.0,46.0,68.0,50.0,42.0,53.0,36.0,44.0,24.0,35.0,34.0,48.0,37.0,31.0,37.0,6.5,7.8,6.7,7.8,6.9,7.1,8.1,8.0,9.3,7.8,8.0,8.3,6.7,7.2,4.7,4.7,4.5,4.6,4.3,4.5,4.0,3.8,3.9,3.9,4.7,4.4,4.2,4.5,11.6,12.8,12.1,12.6,11.7,12.1,12.4,12.4,13.7,11.6,12.4,12.7,11.0,11.0,3107.0,4796.0,3492.0,3956.0,3623.0,3642.0,4308.0,4124.0,4924.0,4049.0,4268.0,4261.0,3503.0,4199.0,1838.0,1789.0,1896,2000.0,1919.0,1905.0,1515.0,1606.0,1558.0,1702.0,2136.0,1917.0,1850.0,1701.0
Cincinnati Bengals,4.0,1.0,0.0,1.0,1.0,1.0,0.0,1.0,2.0,1.0,1.0,4.0,2.0,2.0,2.0,0.0,0.0,0.0,1.0,1.0,0.0,1.0,0.0,1.0,1.0,2.0,0.0,0.0,1.0,5.0,2.0,0.0,4.0,3.0,2.0,5.9,5.7,5.1,4.4,5.3,4.9,5.6,5.5,5.6,5.8,6.3,5.8,7.7,6.5,6.5,6.7,6.2,5.2,5.7,5.7,6.2,6.1,6.2,6.8,6.9,6.3,8.6,7.5,36.0,35.0,43.0,54.0,40.0,50.0,35.0,43.0,37.0,34.0,31.0,37.0,29.0,34.0,514.0,539.0,560.0,614.0,608.0,646.0,593.0,590.0,535.0,540.0,587.0,503.0,505.0,563.0,416.0,425.0,423,385.0,439.0,344.0,412.0,428.0,455.0,430.0,481.0,492.0,467.0,446.0,326.0,319.0,346.0,362.0,365.0,415.0,374.0,365.0,308.0,335.0,364.0,323.0,334.0,364.0,-1.9,-0.2,0.9,3.0,1.3,5.8,2.5,31.0,38.0,35.0,22.0,33.0,28.0,35.0,33.0,27.0,32.0,31.0,32.0,31.0,31.0,24.0,33.0,30.0,18.0,26.0,23.0,28.0,28.0,22.0,27.0,26.0,26.0,26.0,27.0,1.0,2.0,1.0,2.0,0.0,0.0,0.0,1.0,0.0,0.0,1.0,1.0,2.0,0.0,21.0,17.0,19.0,20.0,20.0,17.0,20.0,1.0,5.0,4.0,3.0,3.0,3.0,1.0,1.0,1.0,2.0,4.0,1.0,1.0,0.0,5.0,1.0,4.0,2.0,2.0,1.0,0.0,16.0,10.0,14.0,20.0,20.0,21.0,17.0,20.0,14.0,16.0,20.0,17.0,9.0,8.0,0.0,0.0,0.0,0.0,0.0,0.0,0.0,2.0,0.0,1.0,0.0,0.0,0.0,0.0,-4.6,1.3,4.4,7.8,1.3,8.8,0.6,6.4,5.8,5.6,5.1,6.2,5.8,6.1,6.1,6.0,6.1,6.7,6.5,7.3,6.5,0.4,0.7,1.2,2.3,-0.5,4.8,-1.5,0.0,0.0,0.0,1.0,0.0,0.0,0.0,0.0,0.0,0.0,0.0,0.0,0.0,0.0,395.0,323.0,320.0,305.0,344.0,279.0,315.0,-73.0,21.0,71.0,125.0,21.0,140.0,10.0,0.0,1.0,1.0,0.0,0.0,0.0,0.0,0.0,1.0,0.0,1.0,1.0,0.0,0.0,322.0,344.0,391.0,430.0,365.0,419.0,325.0,85.2,85.0,80.7,74.2,75.8,78.9,83.1,82.4,79.6,88.1,89.0,84.2,104.1,91.8,-1.4,0.5,2.1,5.4,0.7,10.6,1.0,179.0,277.0,361.0,279.0,125.0,288.0,185.0,221.0,167.0,229.0,182.0,130.0,181.0,264.0,0.0,1.0,0.0,0.0,3.0,0.0,1.0,0.0,0.0,0.0,1.0,0.0,0.0,1.0,27.0,45.0,51.0,43.0,20.0,42.0,33.0,28.0,25.0,46.0,29.0,23.0,32.0,41.0,3.1,-0.9,-2.4,-2.5,-0.6,1.9,0.4,21.0,21.0,16.0,22.0,18.0,18.0,22.0,26.0,21.0,28.0,33.0,20.0,31.0,18.0,15.0,14.0,13,6.0,16.0,8.0,12.0,8.0,10.0,11.0,14.0,19.0,18.0,17.0,4.0,9.0,10.0,11.0,10.0,12.0,6.0,32.0,34.0,43.0,53.0,39.0,49.0,35.0,43.0,35.0,33.0,31.0,34.0,27.0,32.0,30.0,33.0,43.0,52.0,39.0,48.0,29.0,43.0,35.0,33.0,31.0,34.0,27.0,28.0,7.1,6.8,6.7,5.9,6.6,6.6,6.7,6.8,6.6,7.1,7.4,7.1,8.1,7.5,4.4,3.9,4.1,4.0,4.2,4.3,4.4,3.6,3.9,4.1,3.6,4.4,3.9,4.0,11.2,11.5,10.9,10.0,11.0,10.3,10.7,10.9,11.4,11.4,11.9,11.0,12.3,11.6,3469.0,3385.0,3400.0,3344.0,3888.0,3976.0,3800.0,3767.0,3340.0,3578.0,4136.0,3421.0,3923.0,3942.0,1843.0,1675.0,1715,1544.0,1861.0,1477.0,1812.0,1522.0,1778.0,1745.0,1755.0,2147.0,1805.0,1769.0
Kansas City Chiefs,2.0,0.0,1.0,0.0,2.0,4.0,2.0,0.0,1.0,0.0,1.0,1.0,6.0,4.0,0.0,0.0,0.0,0.0,0.0,2.0,2.0,0.0,1.0,0.0,0.0,1.0,2.0,1.0,1.0,1.0,1.0,1.0,3.0,1.0,3.0,5.4,5.8,7.7,5.5,5.8,4.9,5.8,6.2,4.7,3.8,5.9,6.0,6.4,6.5,6.2,6.5,8.5,6.5,6.7,5.8,6.3,7.1,5.5,4.6,6.7,7.1,7.6,7.2,44.0,20.0,18.0,52.0,40.0,45.0,42.0,37.0,38.0,46.0,34.0,26.0,34.0,34.0,581.0,454.0,464.0,592.0,545.0,607.0,598.0,475.0,500.0,475.0,546.0,493.0,473.0,546.0,408.0,508.0,482,428.0,433.0,383.0,437.0,556.0,487.0,500.0,442.0,420.0,436.0,412.0,319.0,257.0,279.0,334.0,318.0,349.0,350.0,274.0,299.0,273.0,333.0,320.0,310.0,365.0,0.8,2.1,-3.7,4.3,5.7,5.3,4.4,26.0,30.0,34.0,28.0,30.0,37.0,35.0,24.0,28.0,38.0,28.0,37.0,22.0,30.0,20.0,24.0,28.0,22.0,25.0,30.0,31.0,20.0,23.0,32.0,22.0,32.0,18.0,25.0,0.0,0.0,1.0,0.0,1.0,2.0,1.0,1.0,0.0,1.0,0.0,0.0,1.0,0.0,15.0,17.0,26.0,21.0,22.0,15.0,18.0,2.0,2.0,1.0,1.0,3.0,1.0,3.0,3.0,2.0,0.0,5.0,1.0,4.0,4.0,1.0,0.0,4.0,0.0,0.0,1.0,1.0,14.0,20.0,7.0,21.0,6.0,22.0,18.0,8.0,18.0,20.0,8.0,6.0,7.0,8.0,0.0,0.0,0.0,2.0,1.0,0.0,1.0,1.0,0.0,0.0,0.0,0.0,0.0,0.0,2.5,-7.9,-13.4,7.8,4.5,7.4,4.9,5.7,6.7,7.2,6.2,5.5,5.7,6.3,5.9,5.8,5.3,5.7,5.9,6.3,6.5,-1.5,-10.2,-10.3,1.7,0.0,3.7,1.2,0.0,0.0,0.0,2.0,0.0,0.0,0.0,1.0,0.0,0.0,0.0,0.0,0.0,0.0,326.0,338.0,425.0,305.0,281.0,287.0,311.0,40.0,-126.0,-214.0,125.0,72.0,118.0,78.0,1.0,0.0,0.0,2.0,1.0,0.0,2.0,0.0,1.0,2.0,0.0,0.0,0.0,0.0,366.0,212.0,211.0,430.0,353.0,405.0,387.0,78.1,79.1,99.9,78.5,86.4,76.0,79.8,90.1,73.0,63.8,88.6,92.2,95.4,93.2,-0.7,-8.1,-14.0,6.1,5.7,9.0,5.6,258.0,186.0,161.0,309.0,253.0,290.0,162.0,221.0,208.0,224.0,221.0,246.0,238.0,174.0,0.0,0.0,1.0,0.0,0.0,1.0,1.0,0.0,1.0,0.0,1.0,1.0,0.0,0.0,39.0,29.0,27.0,47.0,46.0,47.0,28.0,32.0,34.0,40.0,41.0,49.0,46.0,32.0,-3.2,-0.2,-0.6,-1.7,1.2,1.6,0.7,23.0,23.0,29.0,25.0,22.0,25.0,23.0,27.0,13.0,8.0,24.0,18.0,20.0,19.0,11.0,14.0,11,9.0,4.0,7.0,10.0,13.0,5.0,9.0,17.0,18.0,19.0,15.0,10.0,7.0,2.0,11.0,9.0,11.0,12.0,42.0,20.0,17.0,52.0,38.0,41.0,39.0,38.0,37.0,47.0,33.0,25.0,28.0,30.0,42.0,20.0,17.0,52.0,38.0,39.0,36.0,38.0,37.0,47.0,33.0,25.0,25.0,30.0,6.5,7.5,8.0,7.2,6.4,6.6,6.9,6.7,6.6,6.2,6.5,7.0,7.4,7.2,4.3,4.2,4.5,4.5,4.7,4.1,4.4,4.7,3.9,4.8,4.7,4.6,4.7,4.2,11.8,13.3,13.2,12.8,11.0,11.4,11.8,11.6,11.0,10.8,10.7,10.7,11.3,10.7,3519.0,3221.0,3533.0,3962.0,3252.0,3698.0,3958.0,2968.0,3080.0,2713.0,3340.0,3182.0,3255.0,3740.0,1764.0,2112.0,2171,1923.0,2036.0,1571.0,1938.0,2627.0,1893.0,2395.0,2056.0,1918.0,2044.0,1748.0
Dallas Cowboys,2.0,0.0,4.0,4.0,0.0,1.0,2.0,2.0,2.0,1.0,3.0,2.0,1.0,6.0,2.0,0.0,3.0,1.0,0.0,1.0,0.0,2.0,2.0,0.0,2.0,2.0,1.0,0.0,2.0,4.0,5.0,2.0,4.0,2.0,5.0,6.4,6.3,7.0,7.0,6.2,6.8,6.4,6.2,7.1,6.4,6.6,8.0,5.0,7.6,7.2,7.3,7.9,7.7,6.8,7.7,7.1,6.8,8.0,7.2,7.4,8.9,5.7,8.3,46.0,39.0,41.0,51.0,56.0,26.0,49.0,49.0,37.0,45.0,50.0,42.0,41.0,34.0,540.0,545.0,511.0,623.0,558.0,506.0,633.0,576.0,570.0,658.0,586.0,476.0,528.0,483.0,402.0,385.0,441,437.0,392.0,460.0,340.0,428.0,408.0,355.0,336.0,508.0,408.0,499.0,348.0,336.0,320.0,403.0,371.0,330.0,425.0,379.0,376.0,434.0,375.0,328.0,334.0,325.0,-4.7,0.9,-1.2,-3.4,0.1,0.1,2.9,32.0,37.0,31.0,30.0,29.0,32.0,32.0,27.0,33.0,33.0,29.0,18.0,36.0,32.0,24.0,32.0,29.0,28.0,25.0,30.0,27.0,25.0,26.0,29.0,25.0,16.0,30.0,25.0,1.0,0.0,2.0,3.0,1.0,0.0,0.0,2.0,1.0,0.0,1.0,1.0,1.0,0.0,28.0,24.0,20.0,18.0,21.0,18.0,22.0,3.0,4.0,5.0,4.0,5.0,3.0,5.0,3.0,1.0,1.0,2.0,2.0,1.0,0.0,3.0,2.0,3.0,0.0,1.0,4.0,0.0,20.0,15.0,7.0,15.0,18.0,8.0,9.0,19.0,12.0,19.0,12.0,11.0,22.0,6.0,0.0,0.0,0.0,0.0,0.0,0.0,0.0,1.0,0.0,1.0,0.0,0.0,1.0,0.0,-2.6,1.4,-1.5,0.4,7.2,-6.2,7.2,6.8,6.7,6.8,7.0,6.9,6.8,6.2,6.7,6.9,6.8,6.4,7.5,6.2,7.1,2.5,0.7,1.4,2.7,5.3,-7.0,4.1,0.0,0.0,0.0,0.0,0.0,1.0,0.0,1.0,1.0,1.0,0.0,1.0,0.0,0.0,436.0,347.0,400.0,432.0,352.0,374.0,306.0,-42.0,22.0,-24.0,7.0,115.0,-99.0,115.0,3.0,0.0,1.0,1.0,0.0,0.0,0.0,0.0,0.0,1.0,0.0,0.0,0.0,0.0,394.0,369.0,376.0,439.0,467.0,275.0,421.0,92.8,88.4,94.7,96.0,88.5,94.2,94.1,90.4,100.1,91.3,95.7,110.9,76.6,103.0,-2.2,1.6,0.3,-0.7,5.4,-6.9,7.0,257.0,243.0,211.0,246.0,156.0,229.0,209.0,166.0,252.0,263.0,272.0,224.0,206.0,168.0,0.0,0.0,0.0,0.0,0.0,1.0,0.0,0.0,1.0,0.0,0.0,1.0,0.0,0.0,35.0,42.0,34.0,34.0,28.0,31.0,36.0,31.0,39.0,36.0,35.0,30.0,33.0,28.0,0.5,0.3,1.8,-1.1,-1.8,-0.7,-0.2,33.0,24.0,22.0,33.0,22.0,19.0,25.0,29.0,33.0,29.0,33.0,37.0,16.0,25.0,11.0,10.0,17,17.0,18.0,16.0,9.0,10.0,5.0,8.0,12.0,16.0,8.0,24.0,6.0,8.0,8.0,8.0,12.0,4.0,13.0,44.0,39.0,37.0,47.0,56.0,25.0,46.0,49.0,35.0,44.0,48.0,41.0,38.0,28.0,42.0,39.0,37.0,47.0,56.0,25.0,46.0,49.0,35.0,43.0,47.0,40.0,36.0,27.0,7.7,7.6,7.6,7.8,7.5,7.6,6.9,7.3,7.8,7.6,7.2,8.4,7.0,7.9,4.3,4.1,4.5,4.7,4.2,4.2,3.9,4.2,4.4,3.6,4.5,4.6,4.6,4.8,11.9,12.3,12.2,12.0,11.3,11.7,10.3,11.1,11.8,11.5,11.3,12.2,11.0,11.7,3894.0,3906.0,3684.0,4589.0,4031.0,3636.0,4167.0,4042.0,4201.0,4729.0,3954.0,3784.0,3471.0,3631.0,1734.0,1585.0,2003,2056.0,1650.0,1931.0,1336.0,1786.0,1807.0,1265.0,1504.0,2354.0,1890.0,2396.0
Philadelphia Eagles,2.0,0.0,3.0,8.0,0.0,0.0,6.0,1.0,2.0,0.0,7.0,1.0,1.0,1.0,1.0,0.0,0.0,3.0,0.0,0.0,4.0,1.0,1.0,0.0,4.0,0.0,1.0,0.0,4.0,0.0,4.0,1.0,2.0,0.0,1.0,5.3,5.7,7.3,6.1,6.7,6.4,6.2,6.4,5.8,5.2,7.8,6.1,5.7,5.1,6.2,6.9,8.2,6.8,7.9,7.2,6.9,7.5,6.5,6.1,9.1,6.7,6.4,5.7,49.0,46.0,29.0,53.0,54.0,45.0,37.0,44.0,40.0,48.0,42.0,47.0,50.0,36.0,536.0,518.0,485.0,670.0,591.0,633.0,553.0,561.0,554.0,618.0,508.0,621.0,623.0,609.0,423.0,414.0,479,443.0,473.0,478.0,391.0,428.0,450.0,413.0,500.0,474.0,442.0,438.0,309.0,301.0,292.0,408.0,345.0,394.0,333.0,348.0,330.0,367.0,310.0,384.0,405.0,380.0,-1.2,1.7,-3.6,-0.5,-2.7,-4.0,2.5,38.0,27.0,31.0,28.0,36.0,26.0,41.0,21.0,24.0,29.0,32.0,27.0,27.0,33.0,32.0,24.0,27.0,23.0,32.0,21.0,35.0,18.0,16.0,27.0,27.0,22.0,27.0,28.0,1.0,3.0,0.0,1.0,2.0,1.0,0.0,2.0,0.0,4.0,1.0,1.0,1.0,0.0,33.0,23.0,37.0,19.0,25.0,25.0,24.0,3.0,1.0,4.0,1.0,3.0,2.0,1.0,1.0,1.0,0.0,1.0,2.0,3.0,3.0,1.0,2.0,3.0,1.0,2.0,2.0,0.0,23.0,15.0,8.0,19.0,12.0,15.0,16.0,13.0,25.0,15.0,9.0,21.0,18.0,14.0,0.0,0.0,0.0,0.0,2.0,0.0,2.0,0.0,0.0,0.0,2.0,0.0,0.0,0.0,3.9,4.3,-10.3,3.8,4.6,-3.3,2.3,6.0,6.0,6.7,6.6,6.6,6.4,6.5,6.4,7.0,5.7,7.4,6.7,6.2,5.6,5.4,3.1,-5.3,2.3,6.6,-0.6,1.3,0.0,0.0,0.0,0.0,3.0,1.0,0.0,0.0,0.0,0.0,1.0,0.0,1.0,0.0,377.0,328.0,444.0,382.0,400.0,430.0,331.0,62.0,68.0,-164.0,60.0,74.0,-53.0,36.0,1.0,0.0,1.0,0.0,2.0,2.0,0.0,0.0,0.0,1.0,1.0,1.0,0.0,1.0,439.0,396.0,280.0,442.0,474.0,377.0,367.0,80.8,85.7,99.6,84.0,91.6,92.8,85.7,92.1,78.3,78.6,102.7,84.8,85.6,79.2,4.2,4.7,-8.9,1.9,3.9,-4.6,3.8,292.0,316.0,198.0,271.0,357.0,243.0,207.0,309.0,166.0,284.0,296.0,225.0,254.0,213.0,0.0,1.0,0.0,2.0,0.0,1.0,1.0,0.0,0.0,0.0,0.0,0.0,0.0,0.0,39.0,50.0,30.0,37.0,49.0,37.0,34.0,49.0,32.0,48.0,46.0,32.0,37.0,33.0,0.3,0.5,1.4,-1.9,-0.7,-1.3,1.6,31.0,27.0,33.0,25.0,30.0,36.0,25.0,28.0,22.0,18.0,32.0,27.0,23.0,16.0,12.0,11.0,11,12.0,14.0,10.0,10.0,18.0,20.0,10.0,19.0,16.0,15.0,16.0,10.0,8.0,4.0,10.0,10.0,7.0,7.0,47.0,46.0,26.0,45.0,54.0,44.0,31.0,45.0,38.0,52.0,36.0,47.0,49.0,34.0,47.0,46.0,25.0,45.0,54.0,42.0,30.0,45.0,38.0,51.0,35.0,46.0,47.0,31.0,7.0,7.2,7.6,7.3,7.8,7.1,7.3,7.5,7.7,6.6,8.7,7.4,7.0,6.2,4.2,4.4,4.2,3.8,3.7,4.5,4.2,5.4,5.1,4.5,5.1,4.2,3.9,4.1,12.2,12.3,12.6,12.0,13.3,11.5,12.1,12.1,13.0,11.1,14.2,11.9,10.7,10.0,3469.0,3397.0,3470.0,4636.0,4238.0,4273.0,3832.0,3906.0,4110.0,3791.0,4110.0,4356.0,4087.0,3585.0,1766.0,1801.0,2021,1668.0,1771.0,2153.0,1652.0,2324.0,2276.0,1874.0,2566.0,1992.0,1743.0,1813.0
New England Patriots,1.0,2.0,1.0,3.0,1.0,0.0,2.0,4.0,2.0,0.0,1.0,4.0,3.0,3.0,0.0,2.0,0.0,2.0,0.0,0.0,1.0,4.0,0.0,0.0,0.0,3.0,1.0,1.0,2.0,2.0,1.0,5.0,4.0,2.0,3.0,5.4,6.4,6.3,5.6,5.9,5.9,5.8,8.2,8.3,7.4,6.1,6.9,7.5,8.5,6.1,7.2,7.1,6.6,6.8,7.0,6.5,8.9,9.0,8.0,6.9,7.5,8.3,9.1,65.0,61.0,67.0,47.0,52.0,52.0,51.0,36.0,40.0,37.0,37.0,31.0,36.0,27.0,611.0,619.0,594.0,589.0,574.0,596.0,596.0,507.0,612.0,641.0,628.0,609.0,629.0,550.0,409.0,405.0,415,481.0,419.0,397.0,368.0,454.0,438.0,523.0,470.0,438.0,383.0,482.0,388.0,386.0,369.0,336.0,342.0,361.0,368.0,331.0,402.0,402.0,380.0,392.0,404.0,368.0,2.8,-0.1,0.5,1.4,3.5,1.7,5.0,25.0,33.0,35.0,41.0,37.0,36.0,32.0,26.0,23.0,25.0,27.0,37.0,29.0,29.0,22.0,28.0,29.0,38.0,35.0,33.0,27.0,19.0,20.0,21.0,22.0,29.0,23.0,21.0,1.0,1.0,4.0,1.0,2.0,2.0,0.0,0.0,0.0,0.0,2.0,1.0,0.0,0.0,9.0,13.0,14.0,24.0,13.0,14.0,27.0,3.0,3.0,2.0,5.0,4.0,2.0,3.0,4.0,2.0,2.0,2.0,0.0,0.0,0.0,0.0,1.0,0.0,1.0,1.0,2.0,0.0,25.0,23.0,20.0,17.0,16.0,12.0,13.0,5.0,12.0,9.0,11.0,9.0,7.0,2.0,2.0,0.0,1.0,0.0,0.0,0.0,0.0,1.0,0.0,0.0,0.0,0.0,0.0,0.0,12.8,10.7,14.1,6.6,9.7,9.4,11.9,6.4,7.1,6.9,6.0,6.2,6.0,6.0,7.2,7.9,7.0,6.1,6.5,6.9,7.5,12.6,9.4,12.2,4.5,7.5,5.3,4.3,1.0,0.0,0.0,0.0,2.0,0.0,0.0,0.0,0.0,0.0,0.0,0.0,1.0,0.0,313.0,342.0,331.0,338.0,313.0,315.0,250.0,205.0,171.0,226.0,106.0,155.0,150.0,191.0,1.0,1.0,1.0,0.0,1.0,0.0,0.0,0.0,0.0,0.0,0.0,0.0,1.0,0.0,518.0,513.0,557.0,444.0,468.0,465.0,441.0,81.2,86.1,86.9,81.0,84.0,87.0,84.4,109.8,105.7,97.7,87.3,97.5,101.9,109.5,15.4,9.3,12.8,5.9,10.9,7.0,9.3,212.0,274.0,213.0,313.0,282.0,358.0,227.0,175.0,173.0,182.0,256.0,170.0,225.0,148.0,0.0,0.0,1.0,0.0,0.0,1.0,3.0,0.0,2.0,1.0,0.0,0.0,0.0,0.0,36.0,40.0,37.0,48.0,40.0,49.0,34.0,25.0,32.0,27.0,40.0,26.0,38.0,24.0,2.6,-1.4,-1.4,-0.7,1.3,-2.4,-2.7,25.0,26.0,27.0,25.0,24.0,24.0,21.0,37.0,39.0,34.0,25.0,34.0,36.0,32.0,10.0,13.0,10,11.0,6.0,8.0,6.0,19.0,18.0,25.0,19.0,13.0,14.0,19.0,14.0,13.0,12.0,12.0,12.0,12.0,14.0,64.0,59.0,66.0,44.0,51.0,52.0,49.0,32.0,38.0,38.0,38.0,28.0,31.0,24.0,62.0,59.0,66.0,44.0,51.0,52.0,46.0,32.0,38.0,38.0,38.0,28.0,28.0,23.0,7.1,8.0,7.7,7.0,7.2,7.1,6.8,7.9,8.6,7.6,6.9,7.0,7.7,8.1,4.2,4.6,3.9,4.5,4.0,4.0,3.9,4.3,4.0,4.2,4.4,3.9,3.7,3.9,11.2,12.9,12.3,12.3,12.0,11.7,11.0,12.2,13.1,12.0,11.4,10.9,11.9,12.1,4136.0,4703.0,4342.0,3824.0,3837.0,3852.0,3806.0,3847.0,5084.0,4662.0,4087.0,4121.0,4587.0,4308.0,1728.0,1874.0,1630,2145.0,1669.0,1578.0,1417.0,1973.0,1764.0,2184.0,2065.0,1727.0,1404.0,1872.0
Chicago Bears,2.0,1.0,2.0,6.0,5.0,5.0,0.0,1.0,3.0,2.0,2.0,0.0,0.0,1.0,1.0,1.0,1.0,5.0,5.0,2.0,0.0,0.0,0.0,2.0,1.0,0.0,0.0,1.0,4.0,1.0,1.0,4.0,1.0,4.0,0.0,4.7,5.4,4.3,6.3,7.3,7.0,6.5,4.8,4.7,5.1,7.1,5.4,6.4,6.0,5.4,6.0,5.1,7.0,8.2,8.0,7.4,6.2,5.9,6.2,7.8,6.2,7.1,6.6,37.0,38.0,42.0,52.0,40.0,34.0,32.0,31.0,35.0,28.0,51.0,48.0,47.0,43.0,582.0,631.0,592.0,507.0,548.0,513.0,530.0,466.0,473.0,485.0,579.0,609.0,523.0,559.0,386.0,384.0,388,483.0,421.0,433.0,445.0,414.0,456.0,470.0,404.0,355.0,468.0,380.0,363.0,383.0,350.0,315.0,366.0,322.0,342.0,276.0,268.0,287.0,373.0,396.0,334.0,347.0,4.7,3.1,6.0,-7.1,-4.7,-1.2,-2.3,30.0,32.0,33.0,29.0,16.0,39.0,23.0,27.0,36.0,27.0,30.0,39.0,28.0,35.0,25.0,28.0,27.0,26.0,12.0,33.0,18.0,21.0,30.0,23.0,28.0,33.0,24.0,33.0,0.0,3.0,1.0,1.0,0.0,0.0,1.0,1.0,1.0,0.0,4.0,1.0,1.0,1.0,19.0,26.0,20.0,21.0,19.0,20.0,26.0,4.0,1.0,1.0,4.0,1.0,4.0,0.0,1.0,4.0,8.0,5.0,1.0,0.0,1.0,2.0,3.0,2.0,3.0,1.0,3.0,1.0,21.0,20.0,24.0,19.0,14.0,8.0,8.0,21.0,20.0,16.0,13.0,19.0,12.0,19.0,0.0,1.0,0.0,0.0,1.0,0.0,0.0,0.0,0.0,0.0,1.0,0.0,2.0,0.0,3.0,0.8,6.1,-2.1,-7.7,-3.9,-7.5,5.8,6.1,5.4,6.9,7.2,6.6,6.3,5.8,5.8,5.7,7.0,5.8,6.6,6.8,-0.6,-1.5,1.0,3.0,-2.0,-0.1,-5.2,0.0,0.0,1.0,0.0,0.0,0.0,0.0,0.0,0.0,1.0,0.0,0.0,0.0,0.0,286.0,341.0,277.0,478.0,442.0,397.0,399.0,48.0,12.0,98.0,-33.0,-123.0,-62.0,-120.0,3.0,2.0,0.0,1.0,0.0,0.0,1.0,1.0,0.0,0.0,0.0,1.0,1.0,1.0,334.0,353.0,375.0,445.0,319.0,335.0,279.0,74.4,79.3,71.3,86.9,101.7,99.1,93.5,79.5,73.8,80.4,96.9,87.3,89.8,81.8,4.1,1.7,6.9,-4.1,-6.7,-1.3,-7.5,232.0,208.0,289.0,189.0,228.0,237.0,230.0,382.0,335.0,299.0,169.0,243.0,183.0,170.0,0.0,1.0,0.0,0.0,0.0,0.0,1.0,0.0,1.0,2.0,1.0,0.0,0.0,1.0,34.0,33.0,41.0,31.0,39.0,35.0,37.0,56.0,49.0,44.0,30.0,41.0,34.0,28.0,1.1,0.9,0.8,-2.1,1.0,2.6,0.0,14.0,22.0,19.0,25.0,34.0,31.0,22.0,23.0,18.0,21.0,32.0,30.0,21.0,19.0,14.0,10.0,6,22.0,12.0,9.0,18.0,10.0,10.0,11.0,13.0,8.0,13.0,10.0,11.0,8.0,10.0,8.0,5.0,6.0,3.0,35.0,37.0,40.0,46.0,35.0,29.0,32.0,31.0,33.0,26.0,54.0,49.0,46.0,42.0,35.0,37.0,40.0,45.0,33.0,28.0,31.0,29.0,33.0,26.0,54.0,49.0,43.0,38.0,6.6,6.8,6.3,7.7,8.1,7.5,7.2,7.3,7.1,6.8,7.7,6.6,7.4,7.4,3.7,4.0,4.2,5.3,4.3,4.5,4.4,3.9,4.4,4.2,4.5,4.1,4.0,4.6,10.5,11.2,10.6,12.4,12.2,11.9,11.2,12.3,12.5,11.5,11.9,10.2,11.5,11.9,3588.0,4065.0,3423.0,3730.0,4230.0,3593.0,3598.0,3015.0,3011.0,2999.0,4281.0,3792.0,3663.0,3969.0,1441.0,1542.0,1627,2583.0,1803.0,1934.0,1950.0,1616.0,2015.0,1970.0,1828.0,1441.0,1854.0,1735.0
Denver Broncos,1.0,6.0,2.0,1.0,2.0,1.0,2.0,2.0,2.0,3.0,3.0,3.0,4.0,3.0,0.0,3.0,1.0,0.0,2.0,0.0,1.0,0.0,0.0,0.0,1.0,1.0,0.0,1.0,2.0,5.0,3.0,2.0,1.0,6.0,3.0,7.3,6.6,4.9,5.9,5.0,4.7,4.4,6.4,4.8,7.8,8.8,7.7,5.1,5.9,8.0,7.6,6.0,6.8,5.7,5.7,5.1,7.4,5.9,8.4,9.2,8.1,5.9,6.7,40.0,36.0,57.0,76.0,58.0,38.0,35.0,54.0,40.0,32.0,47.0,40.0,32.0,30.0,502.0,534.0,559.0,613.0,641.0,573.0,552.0,580.0,429.0,588.0,675.0,607.0,606.0,570.0,531.0,488.0,404,420.0,349.0,408.0,482.0,398.0,546.0,481.0,461.0,443.0,411.0,410.0,297.0,333.0,321.0,357.0,399.0,344.0,306.0,334.0,217.0,402.0,461.0,399.0,368.0,339.0,-7.8,-1.7,3.8,-2.7,0.4,5.5,6.1,25.0,25.0,32.0,26.0,29.0,35.0,34.0,36.0,39.0,25.0,26.0,28.0,32.0,33.0,22.0,19.0,26.0,25.0,24.0,30.0,29.0,29.0,32.0,22.0,23.0,23.0,25.0,29.0,1.0,0.0,1.0,1.0,1.0,1.0,1.0,1.0,2.0,0.0,0.0,1.0,0.0,0.0,29.0,30.0,22.0,27.0,16.0,16.0,24.0,2.0,6.0,3.0,2.0,1.0,6.0,2.0,0.0,3.0,5.0,1.0,2.0,4.0,3.0,1.0,4.0,2.0,2.0,1.0,3.0,1.0,10.0,9.0,16.0,17.0,18.0,14.0,14.0,12.0,13.0,11.0,10.0,15.0,23.0,11.0,1.0,0.0,1.0,1.0,0.0,0.0,0.0,1.0,0.0,0.0,1.0,0.0,0.0,1.0,-7.9,-5.1,12.0,12.9,8.0,3.7,2.3,7.2,6.4,5.2,6.2,5.3,5.1,5.0,6.5,5.2,7.4,7.8,7.5,6.2,6.0,-1.1,-3.6,6.3,14.1,9.2,0.3,-2.0,0.0,0.0,0.0,1.0,0.0,0.0,0.0,0.0,0.0,0.0,0.0,0.0,0.0,0.0,471.0,390.0,289.0,399.0,354.0,296.0,297.0,-127.0,-81.0,192.0,207.0,128.0,59.0,36.0,0.0,2.0,1.0,1.0,0.0,1.0,0.0,0.0,1.0,0.0,0.0,1.0,0.0,0.0,344.0,309.0,481.0,606.0,482.0,355.0,331.0,93.0,93.1,79.4,84.5,82.4,78.8,69.7,86.8,73.5,105.3,114.4,101.3,76.3,83.9,-8.9,-5.3,10.1,11.4,9.6,5.8,4.0,156.0,283.0,364.0,290.0,252.0,351.0,228.0,269.0,274.0,137.0,128.0,118.0,246.0,229.0,0.0,0.0,2.0,0.0,1.0,1.0,0.0,0.0,1.0,1.0,1.0,0.0,1.0,2.0,23.0,41.0,52.0,41.0,41.0,52.0,42.0,40.0,42.0,21.0,20.0,17.0,39.0,40.0,-1.0,-0.2,-1.9,-1.6,1.6,2.1,1.8,26.0,24.0,25.0,29.0,29.0,19.0,13.0,25.0,20.0,37.0,55.0,40.0,19.0,20.0,26.0,11.0,5,15.0,9.0,10.0,15.0,13.0,11.0,12.0,16.0,15.0,13.0,11.0,4.0,8.0,13.0,13.0,12.0,12.0,9.0,39.0,30.0,55.0,75.0,56.0,36.0,33.0,53.0,40.0,29.0,44.0,37.0,28.0,27.0,38.0,30.0,55.0,75.0,56.0,35.0,32.0,52.0,40.0,29.0,44.0,37.0,27.0,24.0,7.8,7.5,6.4,7.1,6.0,6.2,5.8,7.4,6.3,7.9,8.3,7.9,7.0,6.9,4.7,4.1,3.6,3.9,3.7,3.3,4.3,3.9,4.8,3.8,4.1,4.0,4.2,3.6,13.3,12.0,11.1,12.2,9.7,10.3,10.5,12.9,12.5,11.6,12.1,12.0,11.5,11.5,3780.0,3704.0,3194.0,4070.0,3607.0,3193.0,2972.0,4038.0,2434.0,4534.0,5444.0,4661.0,3970.0,3685.0,2473.0,2021.0,1458,1626.0,1276.0,1337.0,2085.0,1544.0,2632.0,1832.0,1873.0,1785.0,1718.0,1484.0
