,PCA_0,PCA_1,PCA_2,PCA_3,PCA_4,PCA_5,PCA_6,PCA_7,PCA_8,PCA_9,PCA_10,PCA_11,PCA_12,PCA_13,PCA_14,PCA_15,PCA_16,PCA_17,PCA_18,PCA_19,PCA_20,PCA_21,PCA_22,PCA_23,PCA_24,PCA_25,PCA_26,PCA_27,PCA_28,PCA_29,W_standings_next
Jacksonville Jaguars (2010-2012),-8.80844031833,-0.109346866615,-2.92587450886,-1.60255553356,5.8034767404,-2.71167054141,1.03034159971,-1.19097972559,-1.98285258282,-1.64283438132,1.45803547815,-2.35746071957,-1.89483145465,0.54804707278,1.14776448216,-0.00182269830156,2.55232462941,-0.51368239401,1.63856153742,1.84221898466,-1.35817161317,0.749113584963,0.0618552772927,1.26871435299,1.89782204387,2.14927935978,-0.859679114479,-1.31194447281,-0.953496784211,-0.0461154166352,4.0
Houston Texans (2010-2012),4.3276215388,3.31580811597,3.80267393058,-1.63974105334,6.22037768886,-0.732111233476,-0.00573722092828,-2.09369709686,0.879935317799,-1.55243538859,-0.185207781377,-0.915304948477,0.953957466937,0.158633347242,-0.814428873786,-3.51182509082,-1.00000074568,1.76475528786,-0.385951967439,0.82969069635,0.0513641859168,-0.324992870802,-1.30870112441,-1.12826926694,-0.983941852103,-0.00526866188731,-0.667942234342,0.56972353085,-1.0928957154,0.221601407595,2.0
Tampa Bay Buccaneers (2010-2012),-2.83132288052,-5.7278434122,-0.954717463118,7.49340846115,-2.17773144867,4.04216162456,3.13470610676,-1.48403024934,1.30384923897,0.751934477183,1.04232999135,-1.19857958376,1.30350190622,-1.09831573634,-0.488084832509,0.373782867481,2.69985619273,-1.05351394617,-0.22887024043,3.73987880038,0.538829917744,0.342454452914,0.00680822256221,-0.485717409564,-0.460755187819,-0.768546823092,-2.24407043293,-1.22847989194,-1.4333857318,0.0523365289693,4.0
New York Jets (2010-2012),-1.9158582361,3.45203897723,-6.55760248639,-0.259858945816,0.600008271379,0.402951391341,-1.57086729025,-3.29415182846,-0.703556202025,-0.130348280388,2.47254419202,-0.997179456496,0.0221107868119,-1.93535656591,-0.849598140891,-1.38339963101,0.15729198678,-1.82173659202,-2.73475662339,-0.899418274536,0.433675510708,2.42886158809,-1.44638756103,0.382844271627,2.4096621055,0.277522486819,3.1429227119,-1.40027443067,0.486876803337,-0.31771876728,8.0
New York Giants (2010-2012),4.42433542915,-2.55070847451,0.515822569158,-0.712120089337,-1.00984132489,1.25614380626,0.237470933901,-2.3037539397,-0.711970680868,1.03663547386,-0.879979503335,4.32041180085,4.39022551618,-1.59919834888,1.23560429351,-0.115785499328,-2.0480440405,-2.12678286398,0.183442486669,0.596655112377,-1.28947091302,2.79889785758,1.71761162932,0.825556083502,1.6722812378,1.32245798332,-0.985075683157,-0.189503871478,2.35681279756,0.0828006272536,7.0
Cleveland Browns (2010-2012),-6.45682216061,1.98144378875,-1.20451233381,2.29254474845,-0.630745912806,-2.02820438952,1.37991385027,-1.79377791546,1.25591312387,0.363105154682,1.79324066796,0.239170972852,0.40880868582,1.21388521338,0.47111921716,-2.33904189564,1.81401362305,1.92039750253,-0.612492082969,0.265992152769,0.791411894046,1.04075034247,1.28656790165,-2.94597803105,0.305524185313,-0.887099547231,0.143020912905,0.852964420271,-0.400518058168,-0.525799053084,4.0
Miami Dolphins (2010-2012),-2.74104313518,3.58976729271,-0.585030026278,-0.967419917749,-0.418282586776,1.26637553003,0.385514515346,2.72876235948,-0.82950153172,-1.771727941,-0.963162545668,-2.48287816887,0.712878187517,1.57361669719,1.22644194803,-1.57472834984,-0.70778277218,-0.0435157529815,1.64029217656,-2.56366356733,1.33922110274,0.191317207056,-0.704386708714,0.809820712188,1.06061600261,-0.209440144485,1.10802303513,-0.273583864636,0.390613638978,-1.76130431635,8.0
Baltimore Ravens (2010-2012),3.62742921663,4.48403608043,-3.56965097415,0.0265006657404,0.225126283599,-2.85660149584,1.3347838043,-0.394222380335,-1.70013753271,0.142466451658,-0.811771775479,-0.474697893377,0.544618956686,1.3632330023,-1.96281453685,0.279994741665,0.614223895929,1.89251586064,1.87375791676,1.31945505471,0.952585282701,-0.995347502445,-0.729896440412,0.738894302704,-0.39485755864,0.459355158038,1.36191220117,-1.87895882426,0.331984970086,-1.62361001326,8.0
Oakland Raiders (2010-2012),-2.1747781093,-2.99567791807,-2.70682773286,-3.33329908219,0.0254712463396,3.37078301993,0.858388168875,-4.17355332749,0.4277589146,-3.36615827078,-0.627234569899,-0.86749926883,-0.641605064777,-2.60257251288,0.15333440315,-0.258934249733,-0.265713710989,-2.0801543208,0.516811756109,-1.0274632054,-1.59459583153,-1.65439807322,2.21963105063,0.900889902236,-1.22874884459,-0.0206680956242,-2.69416721241,0.600606882208,-1.42042109273,-1.0266521076,4.0
Washington Redskins (2010-2012),-1.51119192473,-0.20747421561,5.11641744152,3.92046614151,0.332551989687,-0.982305193913,4.74188507593,3.03803210017,0.176953562101,2.25347158812,0.67943436126,-0.588187392165,1.33567169987,-1.59298904102,-1.73227340361,-1.33741406009,-1.55124739618,-0.493452239011,0.272270666084,-0.432079428461,0.083801210943,-1.82099530366,-0.0210851919111,-0.168249075769,-1.60861914529,1.15270859658,0.809057175468,-0.724676991759,-2.24323698817,-1.24733058705,3.0
Buffalo Bills (2010-2012),-6.1586581427,-2.45077056025,2.43460972582,-2.07843254186,-1.71144052903,2.25640012808,1.01215178752,-4.13640073383,-1.20612363798,3.07544914586,5.25647944647,-0.065943375782,1.02293274576,1.4777436717,-0.00819694528649,2.61650054678,0.821849450511,0.616095442265,-1.54019708809,-1.10959410135,-1.00475512145,0.35424125986,0.871559013188,-0.417212733313,-1.34760749969,-0.0171336021896,1.22833245981,0.111069578423,-0.720605387173,-0.274052522515,6.0
St. Louis Rams (2010-2012),-6.32182902396,2.06409087475,-0.591933724779,4.71489338385,-2.13850445613,-2.3153784274,-1.75814216675,0.419166500139,-2.023081972,0.163002472869,-2.1773421707,1.54812022506,-3.02290724038,-0.386255911945,-1.13104007598,0.863623809721,-1.53389322024,-1.19897551484,1.18994855925,-3.0070274587,2.71789873969,1.0113308086,0.709580816702,-1.49065067279,0.471931673836,-1.19789320086,-3.01589234304,0.701123646547,0.322807105128,-0.77047740809,7.0
Atlanta Falcons (2010-2012),6.46079805371,-1.32089438568,-0.802971924287,1.07721974349,-1.93173027704,-2.06320838114,-1.67698412616,-1.48400899799,-4.30654900739,-1.91179977797,-1.21575305795,-1.08983230248,1.59479145858,-0.0237156568138,-1.63633087783,0.297124367711,2.45330738851,-0.882878967381,0.391832970429,3.61654776944,-0.340710250826,1.56254640128,0.737203728012,0.0680360850025,-0.235523886241,1.0381207016,-0.189299180744,1.25302386394,0.651075079908,-0.607958632486,4.0
Tennessee Titans (2010-2012),-2.03328884356,-1.03864898212,-3.16024926996,-1.86147815408,-0.378233638165,-2.29423865384,0.936560302092,2.23549429655,0.168756593078,0.571701669132,2.41696810835,3.25544729346,0.559752292662,1.60659276406,-0.404187932009,-0.463116346949,0.347615147214,2.88119307803,-2.67038359356,0.595652594628,0.199080394105,-1.24703147072,2.1702108357,0.133801815962,-1.61983665249,-0.68124554335,-1.68659129638,1.17385703822,0.849317469115,-0.564442018504,7.0
Carolina Panthers (2010-2012),-5.09711879243,1.36598988408,4.11131289459,-1.51678706275,-4.68165809068,6.63395950175,1.29085288008,0.511629420671,-2.35102198871,2.48623384894,1.32598726965,1.24258310555,-2.68740509419,-0.647892427635,-2.57555030164,-0.616707367079,-1.26782266325,-1.02005985474,2.32941820888,1.58612564963,1.10810493691,-2.59462647836,-1.76671431411,1.13580034852,-0.472494979262,1.75697002574,0.368191656038,1.03096856445,1.3380394319,0.108718511,12.0
Pittsburgh Steelers (2010-2012),6.1153781297,5.84121742154,-7.65782811825,0.375944255372,-0.861688119703,-1.80343388982,-0.811012112949,0.662426983668,0.63773158461,-0.667037531147,1.19278705923,-1.48576937076,-3.09782236825,-0.555554338933,0.274174372191,0.35171139837,-1.58798101019,1.16648596626,0.0404081041642,0.779607961473,-0.00745423353244,-1.12014358905,-1.04391323069,-2.27067613914,-1.10007713844,0.295085586568,1.34474927141,1.8214085417,0.345921041844,-0.765884623381,8.0
Arizona Cardinals (2010-2012),-8.80416856048,3.6167936436,0.580745793016,-4.03763219429,-2.65074926731,-4.2415845152,-5.42280685651,-0.439978437651,2.19973165218,2.84083535556,-2.00657283849,1.81097127006,0.131898104042,-3.84197274636,-2.13049452679,-0.312821416777,-0.723191961839,0.263483851725,-1.11411800482,-0.8273721288,-2.76264796635,0.907196498852,-0.358815316201,-0.101175493661,-0.123563189794,1.0261109772,0.365619232247,-2.27326203473,0.667087295854,0.88655697108,10.0
Indianapolis Colts (2010-2012),-4.22606769497,-5.12746197804,-0.23906306777,5.03877112403,0.410998532952,-2.62621612219,-2.73728531957,-0.700862387975,-3.5539728076,-0.842894348292,0.643752115474,-0.826532726136,0.644487320692,1.51558547075,-1.19787731423,2.8636191671,-2.71234644374,2.72072527191,-0.266951004082,1.26454155573,1.22182570423,0.38856660725,1.58425063543,0.902340313475,1.37054269147,0.119244360062,-0.356368003559,1.55258625956,0.909199230095,0.248708539362,11.0
Minnesota Vikings (2010-2012),-4.68983602125,2.24373396796,2.10641757982,2.38278907474,0.647384139823,5.60336782583,0.891950947211,1.821627616,-0.795402971357,-1.36156848734,-1.20563386365,2.64387568093,3.77469021021,2.24587106392,0.496563322786,3.45027626964,-0.305142064467,1.15849331419,1.99964004963,-0.151776072667,-0.487102755318,1.76517656599,-2.61919938083,-2.73824387974,0.294001192756,1.68468320781,2.06518241549,1.25494951853,-0.548713674494,0.568587939167,5.0
Detroit Lions (2010-2012),1.98838664334,-3.44467532562,0.540158530695,-3.45300998835,-2.44323534769,-2.57868216771,-2.03560662032,-1.03294449198,-0.236015917836,-1.89567859677,1.05058155761,2.17780855489,2.5691768045,-1.37476014994,0.329070815523,0.765714063652,-0.484348796522,-1.57047415504,1.02076421177,-0.0222059410583,1.28522123201,-0.312082005853,-1.58114908762,-0.704860125013,1.50501660294,-1.62659439241,0.965798834478,0.99029043102,-2.51137704945,-0.793086133866,7.0
San Diego Chargers (2010-2012),2.85096543833,-2.04430965216,-4.47226465624,1.71685973062,-0.936270150559,4.98180440448,-2.00606264711,-0.834499258595,3.42229471852,0.466992977014,0.303233354277,-2.50588887096,-1.16672892713,1.69608425466,2.6268451756,-1.19220089223,-1.16805592118,0.422306718691,0.0213463944283,-0.752758045223,-2.23057165625,-0.115669114432,0.501451011117,-2.2282092578,-0.700017447412,0.89240912712,-0.351635958898,-0.0111383710184,-0.547134456068,0.138134034654,9.0
San Francisco 49ers (2010-2012),4.63400956095,8.58203677895,3.00244223428,-1.4394057373,0.983351867677,0.107036813748,2.56042675324,1.81438016899,0.769552566821,1.9964857659,-1.23371287506,-1.4598790786,0.668927391426,5.10466957681,-1.93504545951,-0.624022355928,-1.11521488205,-2.80117400159,-1.67570382184,4.0936329038e-05,-1.25598070315,-1.39962911195,0.503026727825,0.881698643746,0.863466921819,-0.539679027572,-0.340358764964,-0.219524236586,-0.35996681828,0.0333274886417,12.0
New Orleans Saints (2010-2012),5.91680166699,-8.11433519516,1.08107108545,-5.14930520449,-5.77629887024,-0.695008467094,1.86115085691,-0.418015379679,-0.674619848282,-1.19727255135,0.88749268053,-0.604418603649,0.852380934055,0.241366636139,-1.31221607158,-0.794643765453,-0.746174841857,1.80211271103,0.503762009259,-1.34313889944,0.976208787764,0.805750891729,-0.211703703376,1.09581261023,0.499730228669,3.32147221316,-0.140457704849,0.0681379094116,-1.03140005544,3.29726477457,11.0
Seattle Seahawks (2010-2012),0.0482976161166,6.47637338989,5.47842278892,3.15590708043,0.556393392037,-1.19124660777,-0.632477816137,0.610583756216,-3.84153428852,1.40353739206,1.2502999335,0.20466521479,-0.598669868828,0.521887960796,0.108119557987,-1.61748114169,-1.46454969017,-2.94377945996,-1.24262530204,-0.76879001075,-0.302461058516,-1.02024005222,-0.931583227966,-0.695007886639,0.736115647624,0.682021393078,-1.67601738995,0.413655273399,0.0636186579153,0.530722031167,13.0
Green Bay Packers (2010-2012),10.2896988975,-1.51252813763,-0.812277932337,-2.45028807402,-5.06786419262,3.41254361375,-3.15891782777,0.755136517305,-1.60902982847,4.69835630322,-1.01776526584,0.290876709737,-0.921435430902,0.0635004060881,4.62842037868,-0.118945270156,1.67803672207,0.641281327315,0.28813188666,-2.24112722756,-0.30994200433,-1.2809844505,0.499517434509,0.547719321611,1.5850556601,-0.257584689783,-0.367653583749,0.373880113256,0.060560492095,-1.714969764,8.0
Cincinnati Bengals (2010-2012),-0.0439668349559,2.63503360362,2.2003046725,0.124436822531,-0.700170183011,-1.65645836991,-1.43001157883,-1.2407696881,0.503858689757,0.020497715651,0.353599821148,-1.21204735145,1.14384729722,3.62061061996,-0.288155036821,0.416212585962,-0.509195658303,1.64304422889,0.766689233855,0.819045130576,1.22153680717,0.455314860761,1.85024004921,0.956957030612,-0.489299712052,-2.06133598347,2.11046319714,0.516795946214,1.0594862999,0.268965738768,11.0
Kansas City Chiefs (2010-2012),-6.11161004731,-0.474087773769,-8.53529684414,0.420825000201,3.66379795643,1.83210740232,2.04144302649,-4.73843567242,-1.50155710854,2.1346842557,-0.164293170876,-0.0507841229816,1.96024350059,1.29200596898,-0.873569145373,-0.0733588503483,-0.696679494934,-1.57012386184,-1.33380901565,-0.150989037046,0.606802287782,-0.830738877435,-1.24231182299,-1.21997885533,-0.232171253597,1.38726510186,-2.01276699179,0.267619934561,1.99897343114,-0.378419771184,11.0
Dallas Cowboys (2010-2012),1.47798099688,-4.38164495589,1.08398648823,-3.14515634794,0.781114624121,-2.41641874602,-0.301472627491,-0.619825841502,-0.732816157558,-0.422327461393,-2.47997545976,-1.16817812896,-0.555174013532,0.412054293863,-0.536004468042,-0.551791201654,-1.83441415261,-1.81915872016,1.3362051634,1.81023538759,-0.551305541223,0.677675712133,0.756113313369,-0.760264530114,1.80816460772,-1.4443496938,1.42858562336,1.16402191359,0.122141191248,-1.47600214749,8.0
Philadelphia Eagles (2010-2012),0.155760056435,-1.90055630763,-4.90686380279,-3.91852767988,3.81066515423,2.90988347245,0.0582576269481,-2.30067291899,0.24411694975,-0.533489956612,0.279867391097,-1.86400820158,-0.275174395925,-4.53429789719,-1.22875352563,2.16112319757,-1.26431403663,-1.39587697364,1.73065373153,-0.359737841085,-0.396575372516,-1.56786020095,0.775601299597,-2.72515838607,-1.72423661739,-0.446612090832,2.22604847436,-0.00883181155993,-0.774610378706,0.228396299187,10.0
New England Patriots (2010-2012),11.6582403525,-4.82992107098,1.12291483325,0.494541941859,0.996914109008,3.04819594583,0.931243476464,0.714220701299,-0.590068278401,1.58029187192,-0.547641627758,2.07356488311,2.31713907494,0.836808231472,0.402472550374,0.136715031588,3.87878712192,1.1533208107,-0.272789306037,1.28725835287,-0.775638938456,-0.140044049408,-1.94063385023,0.338371664342,-1.00927120752,-0.480713277392,-0.480834521087,-0.601274146222,1.07165568527,-0.669168690542,12.0
Chicago Bears (2010-2012),0.583164606803,7.18551873487,-1.65177196945,2.32519385533,-1.9112327672,1.28326985683,-1.75571824522,4.13221230343,0.0611555828992,1.4544601844,0.272527054299,-0.734379516744,0.533695270682,-0.794046959184,0.609623421228,0.177069066052,2.8460700704,0.501156316784,0.761329343321,-0.0706123538495,-2.71876978508,0.288225764061,-1.94840398999,0.732135190583,-0.621197398072,0.763288922213,0.425575733839,1.36655802435,-1.57179585901,1.04569343668,8.0
Denver Broncos (2010-2012),-0.752054665341,2.52672029133,9.68931123155,3.03623161513,2.22837518698,-0.375679702453,-1.02044319545,-3.63358505323,2.8642186763,0.603018019926,-1.59737425403,-1.98353778373,-3.18963109053,-0.354486959064,-0.309271063774,1.46717948479,-1.57991374467,2.2441815277,0.38807242482,1.01761186603,-2.51379045392,1.54807377804,-1.32553399002,1.11387927978,0.419594149222,-0.586102047572,-1.47115790197,-0.239449859213,0.521401647623,0.227064972828,13.0
Jacksonville Jaguars (2011-2013),-10.8681642941,-1.27753767159,-3.96841419343,0.0124540194123,-3.97182154321,0.25514999315,1.00000817177,0.273257207193,-1.14385566007,0.41137144644,-1.82793616395,2.04907806853,-0.957407141893,-0.0607086468376,1.33511299995,-2.49104540937,1.21441502459,0.973890126643,-0.921605184199,1.77091971017,-1.51692226778,0.423182810999,-1.71125212794,-1.1557136314,1.08117401059,-0.985884227198,-0.257431782159,1.05226356263,-0.336846433034,-0.154585580823,3.0
Houston Texans (2011-2013),1.9712352687,0.847230631092,-8.23421639424,-3.8491140516,0.642901630644,1.78366921725,-0.557162310191,-2.25898927931,1.27364079386,-1.43320748227,-1.66461735702,-0.872783371691,-0.533696232158,1.48617801331,-0.268603688392,1.52923193872,-1.13731954991,-0.946877587359,-1.10367653659,-1.83402882538,0.20223774828,-1.75786863651,1.16643521935,1.20145293845,-0.556001379343,1.24841775903,-0.106482415372,-0.168640303559,1.10506320396,0.311317454301,9.0
Tampa Bay Buccaneers (2011-2013),-5.7324501565,-2.19949153942,5.30438575708,-5.30586272115,1.12872473074,2.87908408648,-3.93931770877,1.77649874692,-0.514622736754,0.200466663847,0.725423337777,-3.14882640388,2.28770175204,0.707145263851,2.36623106162,-1.7978165461,1.99203885588,-1.79429887609,0.0771345726492,1.32388693406,-0.214184391528,-0.50705457983,1.06767487619,1.1348307651,-1.16713770935,0.0478816045248,0.375848281613,-0.201298200807,-0.242183830989,0.607420680958,2.0
New York Jets (2011-2013),-4.98809586668,3.41566186785,-3.45492424071,3.46786636381,0.0342054831415,0.514953349342,-0.235150459898,-1.88743030352,1.54376727662,1.02629994508,0.707275255515,-1.70556757835,3.06851194225,-2.0087501951,-0.385243047329,-0.1148268609,-0.0312792744413,1.81944930152,1.61159354949,1.70638715978,2.08785665634,-2.57352333939,-0.0369930801978,0.462588752152,2.66013815971,0.404246620281,-1.09984192333,-0.820453746544,0.701079898334,1.37698629732,4.0
New York Giants (2011-2013),1.57020044729,-2.29105341556,-1.58334903567,-1.15917223484,1.33344424031,0.856740891012,-5.13290235594,1.84337052898,5.32084469712,1.17541215689,4.25075292415,-1.59530575634,0.512544044817,2.0005484682,-3.37891303752,-0.488494846773,2.17942432548,-1.67642627539,0.535739876545,0.562850177764,-1.38989583541,0.32263879403,0.480866692317,0.184676424586,1.56700589319,1.33142973417,-0.64035413075,1.44806332139,0.793697900416,-1.81578017558,6.0
Cleveland Browns (2011-2013),-5.98172560076,1.07507165718,-0.664952983261,-1.46496679273,-4.61320797283,-0.48213455968,-1.2038701901,-0.446610566859,0.778554869362,-2.34845599012,2.02746096082,-1.70819203129,-1.02848065249,2.28499951403,2.12799657606,1.68205295856,2.48034830002,1.14641569145,-0.425535481687,-0.290071299995,0.313013275269,-1.20313573202,1.21079955515,0.691262494349,0.210609171833,-1.22375925442,-0.49455781825,-1.04624121404,-0.8730660303,0.825286380424,7.0
Miami Dolphins (2011-2013),-2.45873060344,3.08192331681,-2.6525099174,-0.523453567,0.560655698222,-1.14173434133,-2.09855892643,2.49724159851,-0.955993673882,-1.22785940442,-2.90238956624,0.807739069115,-2.66721157422,-0.537386250406,-0.377851136215,-1.37010663094,1.20814314235,1.97219884976,1.24553857982,0.130778766504,-1.03666803503,-0.781019357833,1.60484070569,-0.196073650914,0.178590916135,1.03210644313,0.2606692701,-1.34325596898,0.037478890447,-1.89485879672,8.0
Baltimore Ravens (2011-2013),0.593109443072,2.26731344766,-5.78450608612,-0.206071120369,-2.54015329511,-0.347723210443,-3.1656440505,-0.994799079157,2.24477652394,-2.05264130302,-3.61811977804,0.860497203009,1.67043276329,-0.747827599043,-1.43583191627,-1.17963364521,-0.2094928994,2.25375229266,-0.298120703269,-0.30937536252,0.519537739634,0.264077134517,0.375966831079,0.784535182234,1.70927417945,0.336625803913,-0.368129995611,0.126178378727,0.974088551737,0.876773225402,10.0
Oakland Raiders (2011-2013),-4.74645105154,-5.52066490484,-1.43058545211,1.43366006575,2.7085031346,2.23296507045,1.19524998776,0.844040262955,1.97299656355,0.505251547119,1.4787704078,0.772700567316,0.902672303183,0.519318113056,1.31516817489,-3.03061073107,-1.68722075846,-1.33538189666,-1.90322104435,-0.96171452282,0.601814379804,-0.20580755137,-0.193143360422,1.56126276918,-0.948571666288,-1.3833992384,0.131535540642,0.70083148278,1.08792285432,-1.19797274088,3.0
Washington Redskins (2011-2013),-1.93150280296,-1.56828721724,0.607362886637,-7.06550218625,-0.0200964617605,3.89568102973,0.509538299124,2.83869127997,0.351813546869,0.519195215394,0.28686916404,-2.27783639921,0.0572956263365,-2.25552490425,-1.25951895792,0.352997539146,-1.77487131274,2.0184655732,-1.35793437769,-2.60102555666,0.89938030968,1.86209906215,-0.0929137063168,1.95018578539,1.45600838702,-0.249589631657,-1.63157206973,0.768409944041,-0.542090092328,-1.25389061574,4.0
Buffalo Bills (2011-2013),-4.14584465867,0.638127951759,2.26511107354,1.09927450894,3.28979716833,2.28826503581,-4.60813172333,-3.82712513223,-1.65507456935,0.737021634732,3.82517321265,1.20622817375,0.952684809309,-0.816312717817,-0.8715948193,-0.400521523277,1.00292239379,2.10082410191,0.635865272107,-1.83593870607,1.62396157009,-1.1523974694,0.113781205299,-0.184028399083,0.642688501534,-2.2410129804,1.0643410793,1.07065116346,-0.700009079253,1.38154338532,9.0
St. Louis Rams (2011-2013),-5.36849920791,2.93634161039,3.39892116875,-2.75922109357,-2.48565789541,-0.689823999713,2.20287624845,0.00968742647104,2.42660250256,2.34210929465,-1.04384211754,0.955925987203,0.398240843927,-1.53996563077,1.64136651533,0.629904154116,0.325641369647,-0.768366000028,0.337359676514,-0.178099749955,2.17875061601,2.92517970816,0.807780829107,-1.6314311802,-1.82729445574,-2.43152153575,-0.782629535366,-1.04691601285,0.922867669135,-0.63612733228,6.0
Atlanta Falcons (2011-2013),2.46337102889,-5.80669686449,-3.88113872098,-4.07701110688,-0.7190523173,-2.8561677171,0.0419887284837,-1.10232054089,1.08208397106,1.73939410219,-2.06982825041,0.926803711885,0.575683857385,2.62255253268,-0.492558785816,-2.93604296043,0.946506802551,-1.33171831725,-0.77400134812,0.482821109295,1.59981465423,0.735011534348,-0.413522424141,0.999631977094,-0.177683457253,0.493183458594,0.71703847538,1.20659859116,-1.55740928323,0.704466486425,6.0
Tennessee Titans (2011-2013),-2.62017636806,-1.19448834707,-0.388225880852,2.72596769388,-1.19373371714,-0.621370559454,-1.99675905232,1.21118758838,-2.43264558419,-0.0836851278542,0.957307914071,-0.139996062568,0.445519576504,1.45615793884,-1.05806637959,2.95835868452,-1.00868025359,0.175456062794,-1.23185127452,0.0447930886918,0.139301297281,0.0627557024115,-1.91089197337,1.74915713832,-0.215457579815,-1.30060598738,-0.720304945333,-0.746392314255,-0.463970849894,-1.92739163385,2.0
Carolina Panthers (2011-2013),0.923341335211,3.8176281016,5.7767995295,0.865027124477,5.48632426107,1.81297908426,-4.73816033941,0.646729299898,0.807973220988,0.232431640294,-0.530909401191,2.44712371845,-1.56968263895,-1.99119499525,3.47518091198,-1.73280086582,-0.612475626857,1.27439034604,1.39331608742,1.95053360856,2.31155400196,0.727806457737,0.228701823717,0.913849399034,-1.92151671706,3.13041461572,-0.797744479459,0.549094515346,0.346980022788,0.563803187476,7.0
Pittsburgh Steelers (2011-2013),2.58495486551,2.20562196494,-5.31192422054,1.67985435248,-3.07002274416,-2.49279283169,0.97410301419,-1.46801159063,0.293385708264,-0.866739986417,0.222610572835,-1.36883050072,-0.781226402434,1.46072730488,3.23364344192,-0.126808259068,-2.309074346,2.54210325421,0.248458510906,0.751327371676,-1.16035900936,0.401938450179,0.823068741614,0.512161552857,0.171145443641,0.292667533431,1.58585508256,-1.02789466391,-1.03320501332,-0.291968384722,11.0
Arizona Cardinals (2011-2013),-3.08309581295,4.25821506344,1.17156512218,5.24489177442,-1.8044158338,-4.64829061398,0.275669603296,0.494484032958,5.57507982107,1.33672933822,0.0809961331761,1.11421316679,-0.651833572081,-2.51197569905,-0.671945070953,1.96528627775,2.87179975881,-2.30147183888,0.218109638324,-0.276968219239,0.0682837806481,-2.83858297108,0.963665003647,-0.794283050786,2.7538488318,1.14663047016,-0.0739449942204,1.5481085656,-0.907718732833,0.602349070482,11.0
Indianapolis Colts (2011-2013),-3.88638933501,-0.0715927645758,6.05855246501,-1.10719929157,-1.73597000714,-1.56271312181,-0.682058147016,-2.6152783839,-1.1873758695,0.658976219651,-2.5162979184,1.78335004446,2.07943020926,0.374093779555,-1.25975299057,-1.54857544271,-0.788654439368,0.898029609734,-2.79886903358,2.08109738472,-1.17215152292,-0.0375152216622,0.725691965583,-0.752363681401,-0.947840710307,-0.109029246147,0.157073639693,-0.702965959953,-0.827085101575,-1.34788651841,11.0
Minnesota Vikings (2011-2013),-4.01084940663,0.296129107565,2.23672195181,-4.0349906068,4.86953020613,2.06368026305,4.76525666076,3.45854707929,1.46145752672,-4.3292002346,1.38117816896,3.49498222766,0.534769222303,1.36698587958,-2.52357912455,0.494251055948,0.419952253656,1.7626116209,0.738665278184,-0.819734899563,0.496693286277,-0.600078290753,2.15998204356,-1.29855213453,0.733127226905,-0.136277739834,-1.11746834735,0.881328841101,-0.986613131174,0.915680298317,7.0
Detroit Lions (2011-2013),2.28566328358,-5.2569477746,-0.317799886881,2.76157653693,-1.05267557125,-2.71026318115,-1.07458561889,1.12612790941,2.19580810412,0.0465465201381,2.47549794264,0.665135690528,0.774231394335,-0.681577702904,-2.35557771004,0.447072364537,-2.9101323466,0.0842496450879,2.741047002,-0.392915917711,-0.337860224189,-1.0014019154,-0.618149904712,2.25003759658,-2.11521153948,-0.401946636862,1.11611713109,0.34992707513,0.18770700759,-0.722665590643,11.0
San Diego Chargers (2011-2013),1.82972272754,-2.3420327019,2.63391722701,2.04089139414,2.90132184541,-1.87982241934,2.89095237031,-0.488154896189,-2.89737488662,-1.96677623687,-1.45481531728,-3.13452742464,0.105012473653,-0.281478601698,4.73975712713,0.443881484761,-0.346026177815,-0.767337197266,-0.324706104462,-0.116304495341,0.527710897149,-1.12464409219,1.38697199056,-0.751537287893,0.713328114626,-0.374786363507,-0.750799651248,1.0727568176,0.806224524638,0.375669695725,9.0
San Francisco 49ers (2011-2013),7.92094565746,8.10803365568,-2.83861311925,1.46500884192,0.702681905735,2.46691843792,1.23981829873,3.18862576681,-2.28596329084,-1.38845581387,-0.621496594534,-2.3398258476,-0.978097729522,-2.38491366831,-3.08238874257,-1.8875581908,1.07794633867,-0.724517409284,-0.504178255086,-0.438895856271,2.71692142133,1.89016535889,0.174617710624,-0.398363092446,-0.939151492786,-1.582607481,-0.487825259038,-0.786353376687,0.398829731043,0.953850168914,8.0
New Orleans Saints (2011-2013),7.46799098415,-7.97022780657,2.04629203295,3.61580711594,0.343905065309,0.401930919476,-6.54111879255,-1.04468717191,-0.762429881252,0.918922950847,-1.565580626,1.59844040322,-3.43678609382,-0.654926167826,1.07999506943,1.76458916168,0.461152448158,-1.31022858168,-2.07363894494,-0.588322994227,0.997444856094,-0.253308496972,-0.0274250887432,0.140739752418,-0.68654813003,1.28001226899,0.690454442974,1.28654167738,-0.530727119159,0.925737489232,7.0
Seattle Seahawks (2011-2013),6.330789478,11.1220210427,2.68792590597,-0.766168203813,-1.34185332925,0.814857884115,-2.01152071886,-0.513333878586,-2.23498424313,3.73410881935,1.39475293103,-0.462275873356,-1.42964009738,-1.02121761918,-1.21668148842,-0.432019209822,-0.356788630244,0.559326509199,0.756413464316,1.17555172319,0.209308955544,-0.113757511709,2.16662749531,0.195186033016,-0.032132355725,-0.298003395297,-0.550555800184,1.16583337581,0.19492878549,1.40913588518,12.0
Green Bay Packers (2011-2013),7.77625745495,-4.92827121409,-2.03169724398,0.245460724514,6.65855593197,-3.4878528715,0.865422339311,0.92137472689,-0.441210978995,4.92934223883,-1.01714736415,-0.702286474544,0.976382710595,-0.851317650487,0.789316446796,0.12561983498,-0.254020301619,1.76658149774,1.29395755526,-1.06997192931,-0.0545817549431,-1.32745911108,-1.32547814915,-1.45730119939,0.747865575818,-1.85687830913,-1.05782532224,-1.40497211635,0.17600828981,0.836946823386,12.0
Cincinnati Bengals (2011-2013),3.31237340146,4.00767192971,0.927205546863,1.4713314621,-2.54541503217,-1.25282718527,-1.06270317926,-0.117947166731,1.65422961235,-3.90080135594,2.86363545373,0.325499888633,-2.04882765483,1.62188557719,-0.436975126165,-0.745986303742,0.451590180019,-0.750791073756,-0.26706380671,-0.451924427502,0.396065949981,1.2904441099,-2.31410156918,1.16762325749,0.0578941540467,-0.589358589693,0.501593397752,-0.52192459721,0.388707264468,1.59289324292,10.0
Kansas City Chiefs (2011-2013),-6.77900400027,1.57361375003,3.21389386153,5.52003531063,-1.02922807929,4.08846635479,1.18305279062,-3.1623162413,-1.16049869281,0.476981803574,-1.62182608792,-1.78439984479,-0.717585309826,1.58686811608,-1.07802858049,-2.11855836105,2.04362366157,2.45495708716,1.00308911766,-2.51513445258,-0.580329452599,2.07417720318,-0.00203086076573,-0.473345101972,-1.22188608143,1.63273443194,0.915036857058,0.522422582535,0.497295366943,-1.35594171835,9.0
Dallas Cowboys (2011-2013),1.42528193859,-6.57028268142,0.133725553621,1.24898914873,-1.08559091601,-1.5524409217,2.26042885142,1.64523973731,1.4229416025,0.166501233923,-1.41766733746,0.290298786833,-0.346584438748,-0.676311878572,-0.836086668597,-2.13797078286,0.0459014637366,0.269451848957,-0.556532715991,0.0499789181577,0.639436123811,1.31331313219,2.17000060395,-1.76925387125,-0.0805942142985,0.410655246863,1.44329538964,-1.89444718534,-0.780065894093,0.33471420866,12.0
Philadelphia Eagles (2011-2013),0.170049912887,-2.09442211773,1.95738419969,7.07193027981,1.2518259532,3.86220655929,4.55420228177,0.352908005049,0.227220445383,-0.0746975151068,1.67117036239,2.00994391733,-0.582677253216,-0.242706340263,1.44322044623,-2.02037616587,-2.11798657072,-0.286245793,2.41505273632,-1.32305248799,-1.10912559397,0.428272163475,3.17074636067,2.12829516281,3.29074258127,0.997928632431,1.50621847885,-1.23512913601,-0.463797823541,-0.765510263426,10.0
New England Patriots (2011-2013),9.11026159093,-3.45152151688,1.24743904295,-1.0023584944,5.29842576178,0.915320027878,-3.77488688865,0.839981200376,-0.938747140395,0.194998063844,-0.935220997817,-0.341934577209,2.01160259706,0.606841766461,-1.95431947712,-0.254124402125,2.57443393607,1.53217747814,-0.268674580164,-2.05532377058,-1.14040495457,-2.04708215998,0.542068746717,-1.32694070439,0.693135980339,-0.177033078293,0.397605076207,-0.488421529604,1.41058159871,-0.77163958293,12.0
Chicago Bears (2011-2013),1.25097506488,2.27058621869,-2.26671743373,-3.42899309509,0.651392821846,-4.21107804144,5.15409491145,0.520759958171,-4.84531191878,1.11623329432,0.739861200608,0.271700458903,-1.37549338136,-1.66113667897,-0.503147507351,1.76193396218,1.11739961002,1.18062639745,0.812522197743,-1.17791949769,-2.55702380888,-0.0632281314364,0.430083805454,0.780529540597,-0.483072299158,0.0507920427635,-0.305565318259,2.3311499251,-0.851228795405,-0.429773846654,5.0
Denver Broncos (2011-2013),6.99629210071,1.50626997906,5.63656673301,-4.10415881666,-1.94667281004,-1.37823156193,7.3747349896,-3.25098296566,2.11960401047,-3.08128033543,2.04706446055,2.30266635524,-3.67054235034,-0.989182555713,0.321146628935,0.493425488474,2.55696319788,0.436270537125,-0.192401401559,1.38544801472,-0.461783878705,0.107815180269,-0.804581211475,-0.0870471845646,0.111542898668,0.556112079604,0.561120796095,-0.528486858385,2.39687014207,-1.29558798026,12.0
Jacksonville Jaguars (2012-2014),-11.9875943005,-2.87805030399,0.416704413119,-0.787236996492,-0.401794676974,-1.56338580395,-1.07719972853,2.35975731986,0.487504005932,2.79849109076,-1.37980347696,-0.561697122733,-0.696180509442,1.21352118742,1.74014439145,0.78755791091,1.0258179932,1.03926911173,-1.03883839755,0.231411772997,1.55572687736,-2.35866041065,0.186987262885,-0.314277129014,-0.806388186508,0.148015349196,0.346706003789,-2.2365082558,1.13056987297,1.61089856991,5.0
Houston Texans (2012-2014),0.262803282284,0.64570352371,-1.40478086837,7.8518444577,0.796056629119,1.37802797755,0.695878263362,-0.162866907067,0.424798052074,-2.53275557135,0.712785200352,0.178423153963,0.533299385788,-0.475278812633,-0.122737345724,-2.45071830067,-0.670968482418,-1.10722020434,-1.00180578274,-2.22181541189,-1.35606176834,1.46947319012,-0.396079118598,-2.03348640224,-1.12555718295,-0.253565982745,0.161918651434,0.913488235383,0.875574222595,1.69662211152,9.0
Tampa Bay Buccaneers (2012-2014),-4.78881482002,-2.48873435048,-2.74900112799,0.241752248964,5.394720231,-1.9612637124,-0.225267884617,4.79990583026,0.167000080172,0.393181197742,0.56261165031,0.26367084967,-1.46923755133,1.69667652978,1.26141285449,-1.37685483887,0.48179701657,-1.55451914326,0.970587225252,0.658932503877,-0.47226197283,1.70207517681,-1.35247522486,0.585028420428,1.71956470901,-0.448136184598,-0.59173435699,1.13424791162,-0.407860768663,0.105756638126,6.0
New York Jets (2012-2014),-6.55546993279,3.75902569446,-0.509024887185,-1.09772798347,-0.0959233066216,3.01538542326,2.34927056841,-0.491548864793,2.41412925023,-0.000200226125411,-3.28794534418,-1.64564863769,3.92781589757,0.202947009423,1.1811978578,1.13799549459,-1.50284533735,-0.310570754026,-0.424931764561,-0.313910885378,-0.522764699187,-1.01513466491,-1.9980152677,1.42159342032,-0.410331330192,-0.0827299700085,0.492937578817,1.0708743135,0.288468914782,0.939333381276,10.0
New York Giants (2012-2014),-0.612316624954,-2.26553587099,-0.791313817817,1.68143946338,2.98170830769,-3.93282947041,0.728793918746,-0.686015420295,-1.30825216222,-1.337234873,0.730639748627,-0.0421913950913,-0.76257552439,-2.75571492027,2.93024449536,-1.25648861234,2.06307376977,0.0912279912014,-0.885412146485,-1.95134960218,-0.16730496877,1.37545436449,-0.597281104062,3.13374584791,-2.48578987456,-0.974362053412,0.662956870437,1.51347248916,0.959897343051,0.358973600214,6.0
Cleveland Browns (2012-2014),-3.39636066006,1.59074849938,-0.215756905703,2.11490902463,-1.16486606357,-3.04203103349,-1.70774691002,1.74165871995,-4.31543505942,-1.32120968104,3.42349689111,1.61963711906,1.40359228719,-1.05132506828,0.891092769746,-1.52321645317,-0.775848324485,-0.917598652818,-0.791201848383,0.171367862199,-3.06566502634,-1.9754336844,-0.454372591103,-0.480777153489,0.304622704211,-1.7290144673,0.777473052964,-0.58091730223,1.09749118287,0.640463753918,3.0
Miami Dolphins (2012-2014),-2.20703398849,2.05295010795,-0.819136020218,0.0246925100779,-1.01100159322,-3.27211927634,1.27087184521,0.995288481682,0.679739427552,1.23165489107,-2.85076658622,3.23155526066,-0.712205760141,0.519662408929,0.521014526378,0.706682810883,0.348505228093,-0.775049971529,-2.3561311917,-2.13859181942,-0.6067684297,-0.028827817665,-1.2792283558,-0.722935617514,0.763939798908,0.416357450573,0.772128491914,-0.274233623568,-1.52387856216,-0.297764432992,6.0
Baltimore Ravens (2012-2014),0.731329206303,1.36009245844,0.924088507527,4.50068966842,-0.620163029262,-2.60219770996,2.28315212691,0.729820184681,3.09476821486,-1.8447121926,-2.30691053798,0.155324653325,1.51646272254,1.47265304058,0.0860196351933,0.291525275348,0.876655748605,-0.715390552455,-0.903943343167,-1.40232338358,0.965391021296,-2.57240257954,-0.860808803287,2.11211677765,-2.43396723064,1.07676721209,-0.0286024678501,0.032669878535,1.49213992565,-0.669205135916,5.0
Oakland Raiders (2012-2014),-8.53563918464,-5.07835034756,0.287628497638,-2.759826034,0.849864107228,0.397202698913,-2.31173181411,2.01229451484,-0.232423349816,-2.40069937739,-0.0828712546401,-3.08587868311,-1.62970920371,1.28707863524,-0.290029129308,2.11330729292,-1.21303462199,-0.686694536853,0.642397279663,-0.0870519148116,-0.534944547384,1.4217966704,-2.50886808948,-1.37758072518,-1.78455917087,0.375193614125,-1.48965241258,-1.06767985911,-0.150824664089,-0.242001383448,7.0
Washington Redskins (2012-2014),-2.09658402684,-5.51892940481,-3.46149921682,1.68117892856,6.51778010253,3.23704222044,2.84291961024,1.25815617215,1.07007437451,1.15075034507,-1.24732605385,0.937984359297,-3.413629138,-2.48822438679,0.0932550922747,1.97852274091,0.119524955745,-0.934057953759,-1.1628515913,3.19309532639,-0.424021765556,-1.11613513613,-0.434288808041,0.657564076096,0.496782297826,-1.14557666515,2.13264237335,0.146334762974,0.875266513472,0.46789650531,9.0
Buffalo Bills (2012-2014),-2.06414952592,5.35929149549,2.51241772783,0.675057554223,1.74518546326,-1.2973445499,-3.15899672523,-4.32061797232,1.30884139894,-1.57071554402,-0.828603288328,1.93116569816,0.454240372929,1.24894265997,1.15444824931,2.30618134621,0.0891877091893,-1.31392461547,3.05157819347,-0.532900451919,-0.960002518447,0.346618276437,-0.438024874295,1.30111924654,-0.320888455746,-1.78370121001,-1.29148067759,-1.3500052621,-2.09840669977,-0.747266502824,8.0
St. Louis Rams (2012-2014),-1.90634967998,0.29391743848,-0.80772974861,-0.699989606934,-0.850071117666,0.835659704034,0.305831826001,2.76145673373,1.22827882035,1.11308887894,0.71133487252,-0.538320116498,-0.65642437698,0.709660022099,-0.00532150484688,3.63592988814,1.03867678615,-1.29907133478,1.27871551856,0.28450388874,2.06990301261,1.97082008251,1.48455296037,-1.27704666308,0.447693954598,-0.548834889939,0.727934901999,-0.289859592194,2.79654645353,-0.286110729555,7.0
Atlanta Falcons (2012-2014),0.266793809296,-8.91624618206,-1.47646908396,4.27407623473,-1.8809324453,-3.0750692054,-0.138790307235,1.68445693342,-1.43515888963,-0.153225101039,-1.13551664764,-2.45830898102,0.837313521964,-1.7635796703,-1.27156151848,1.14348748192,1.57252502216,0.0628173626242,0.873176299425,-0.672875029618,1.36185957548,1.48647909016,-0.59352681893,0.178153168259,-0.279877239949,2.35683320258,-0.457630074693,-1.02952092447,-0.370419131467,-0.608734553828,8.0
Tennessee Titans (2012-2014),-5.80584892247,-1.28220725709,-0.84073755821,-3.37723918285,0.933071481386,-1.41685545099,0.0561261917228,1.04230315173,0.487251775815,1.18089996907,2.12322500383,1.05805288353,-2.09164602269,-0.0331292525808,-1.16046266445,-2.20049957832,-1.52264185558,-0.301144033446,0.96652764356,1.24529863059,-0.239958188727,0.346097848316,-0.269574833971,1.9398580709,-0.171882091883,-1.09002606831,-0.303150778807,-1.74306357998,0.444436307531,1.26298680816,3.0
Carolina Panthers (2012-2014),2.28181769871,4.68366533666,-0.872877200701,-3.13560637508,3.29078144489,-2.34335627351,1.6984548648,1.86837064634,2.42280928146,1.16866106391,0.140906324697,2.16035573703,0.569307049903,1.15613935026,2.3596464306,3.47900569769,-1.86957532087,0.768243603672,-0.404387210866,0.281143663299,-0.974601214854,1.89629130376,0.711272462541,-0.629665596841,-0.066767807381,2.02885479236,-0.531539288393,1.03042194692,0.266434088462,0.274789644998,15.0
Pittsburgh Steelers (2012-2014),2.67166584798,-2.11290354446,-0.570834480369,1.58190737172,-4.89587414424,-1.91412193596,4.14191197494,-0.754986955877,-0.677971515181,-1.20770152471,-1.80618757939,-1.63299155221,-0.574177444396,0.0820092055739,1.38408158902,0.18366357653,-2.29478404987,0.972296985588,-1.19446635107,1.54889278763,0.776390604534,-2.03061574448,-1.06781969875,0.17695590637,0.606495604992,-0.101030664173,-0.0576334045764,0.594499796624,-0.317549398687,1.48501630665,10.0
Arizona Cardinals (2012-2014),-1.00785267222,3.65440897788,1.86198516936,-2.88659184176,-5.77336991249,-2.40551278746,1.22436226083,1.71590393605,0.392817975265,-0.760789833951,-0.989433639414,-2.20286744207,4.10816698788,-2.60551519042,1.70086819437,-0.215408398742,1.44078706449,-2.49142489552,3.7368737118,-0.252014912486,-0.499655494431,0.183661189952,1.43089241051,-0.0435671108737,-1.441782611,-1.1776347809,0.679790294875,0.936313166556,1.22700895027,0.79678189413,13.0
Indianapolis Colts (2012-2014),2.23419393079,-2.02383888115,3.68435196811,-0.637549489923,-0.836147085213,-2.28749321846,2.30509919111,-2.21622430827,2.87759752783,0.528699257794,-0.425074696235,-2.5918185104,-1.95057102498,0.48509020177,-2.84091926049,0.982053656094,1.41323556989,-0.739275588242,-2.27477073646,-1.28382992891,-0.500412891362,1.10314648984,0.0589622460164,0.504553902174,0.323465572653,-0.566543122241,-0.160808968086,1.8866987503,0.486344587674,0.846603259435,8.0
Minnesota Vikings (2012-2014),-2.7478299485,-0.277142706262,-1.38164701394,0.0335573503154,1.36207018677,4.29078776685,-1.73842288107,2.72407514719,-2.73516275189,-4.21522394524,-1.82040503346,4.12151542906,-0.328542469292,0.0164384159739,-1.12561918254,2.4996624608,0.44986874269,-0.766064563739,-2.02770718503,0.852963953658,-0.868000004333,0.179379550382,1.33301873218,1.45728351129,-0.958596409104,-0.873439009639,1.4202224785,-0.800378151887,-0.024533066698,1.16304250123,11.0
Detroit Lions (2012-2014),1.45382785891,-0.182957140484,3.99267459139,1.3344514974,-1.17705304405,-0.51116626551,-5.00231195718,1.98308182629,3.31022074794,-2.93136892382,0.265768100818,-1.0235279619,0.430076617346,-2.18539791724,0.616688363565,-0.688619413396,-2.4056894528,0.573106395911,-2.16881294054,2.73554431694,1.10293215541,-0.764707072607,1.17210289086,-0.979809807619,-0.906776138752,0.367478552667,0.883150244295,1.01945484946,-0.746263801872,-2.53380280548,7.0
San Diego Chargers (2012-2014),1.78014159205,-2.36384583759,0.180514090871,-3.43420167812,-3.28136563579,0.945008104346,-0.577613806739,0.164853640166,-2.01903956766,0.794854434307,-2.06425105096,-0.941121750192,-1.80518139674,3.54870310072,-1.04650725901,-1.70036296774,-1.93331289087,-1.84288096065,1.60230144658,2.39714802186,-1.85736969225,0.0558656716251,0.0781302028576,-2.14997626493,-0.174739367101,-0.675504614914,-0.461352880217,0.324893584904,0.562864482493,0.999190243962,4.0
San Francisco 49ers (2012-2014),5.25516258558,6.0565363625,-5.24249144452,-1.49031146742,1.83257078367,3.48236009555,0.450170739144,1.46235381553,0.304034180939,1.13655868446,-0.162820945894,-0.700696994059,-0.165820965371,-0.208243546112,0.597296304948,0.49073371217,-0.0560330726542,0.70540571083,-1.44119974773,0.869656922278,-0.0318767566591,1.77445826814,2.32070520276,0.410226767959,-1.1000004848,-0.225724040914,-0.36898668833,-0.946487748994,-2.06595453579,1.46052515907,5.0
New Orleans Saints (2012-2014),3.63657584068,-6.93887463402,3.1533368155,-3.67575783493,3.53617818972,-6.09014692615,0.871996360318,-1.30412452816,0.655962209383,2.40882581907,2.84582484332,0.330232993141,0.0358901859986,1.17187146654,0.890755999886,-0.453174783651,-1.14625592409,-0.300449497526,2.22599072462,-1.0942734433,1.24823349803,0.716286890364,-1.11389329288,-1.35343160904,-0.995194941872,0.934717097343,0.656389450176,-0.620159545891,0.168244642522,0.781960641805,7.0
Seattle Seahawks (2012-2014),9.83082955305,10.0936781208,-3.62633368864,0.555839767198,2.11195069748,0.906512893293,1.7214538465,-1.50962625099,0.179424249396,2.85726594939,1.13046833084,0.00197126248016,1.53292504519,-0.253727340411,0.946865374367,1.64774457321,-0.829093075679,-0.866645602864,-1.28209586799,1.83837574893,2.60752462175,1.69831925119,-1.4106312568,1.39345760298,-0.218327956974,-0.260287467292,-0.138581938712,-0.574769691256,-1.73136270326,-1.15592576247,10.0
Green Bay Packers (2012-2014),6.26206587676,-2.22497237107,2.05892006188,3.28934992769,-1.81405128385,2.83477990323,1.08923476476,-0.628657166757,-0.159021445634,2.00988092884,-1.33922670496,-0.588813210288,-1.82941284304,0.2158793707,-1.43262133947,1.36110452907,-0.709168177764,0.566931235544,0.839028477124,-1.80658793191,-2.68297637498,-0.239596441904,0.893703782375,0.02376860317,-0.879961815693,-1.41114457494,0.508293436306,-1.66960169377,0.481658998254,0.392846516401,10.0
Cincinnati Bengals (2012-2014),4.10100323009,3.23617012777,-2.07436126235,-1.15838851381,-1.87631383433,-2.10492959893,-0.291676629272,1.21380564621,-1.91425261757,-2.82323090392,4.44489778951,0.806015621254,2.16038472706,-1.77241046784,0.447346157573,0.335616209579,-0.889744882549,0.0549208011601,-0.936722215724,-0.613944162572,-1.0490047583,-0.817556611539,-0.544322204417,-1.54526905799,-1.00619340788,2.12187384498,-2.5223780009,-2.0500531983,0.644147454282,-0.841192343818,12.0
Kansas City Chiefs (2012-2014),-3.35094970295,4.62626526047,5.60321996937,-4.59770473813,1.48665287228,1.03887158868,-0.0299851439707,-2.57999748421,-2.91431057054,-1.18702642224,-1.15195369124,1.03697599396,-2.19579466637,1.49250565782,0.66609285403,-0.120161411089,1.37313953914,-2.25470643611,-1.12460470975,-1.22713848279,3.45719294798,-1.96937508964,0.208367339795,-1.10701327433,0.581863891023,2.11981209614,1.59550767925,-1.13601313768,-0.591033872258,-0.592069578683,11.0
Dallas Cowboys (2012-2014),3.26163930093,-4.69754235977,6.74842735431,1.85573669443,-1.42532123216,0.52212755945,0.942468500362,2.7611111428,-1.51657229243,0.714835958357,1.22654288844,-2.99504514153,0.697194462876,-0.889675939808,-0.390293408015,1.74094346574,-0.603217747979,-0.55936212356,-3.69862821372,-0.0242956569497,0.186810705295,0.744769675133,0.945215872404,-0.141023033281,1.32432347857,0.24821203036,0.0420489759099,-0.772224324305,-1.43317424473,0.261783087261,4.0
Philadelphia Eagles (2012-2014),0.537927794986,-1.16759171627,6.16872909623,-5.63175783631,0.479094470874,3.17037182888,1.20459778023,0.449292305682,0.503767055298,-2.09319656441,-2.03455638383,-1.33287768695,0.47418591801,-3.58633455864,0.234721863672,-0.368018191381,0.298152340513,3.0636699756,-1.12347307213,0.0189532619442,-0.0297227159384,-0.628209276261,-2.91485727982,-0.291533037283,3.014795622,-1.62767813131,-0.41090564113,0.303035471271,0.808840556151,-0.477019337059,7.0
New England Patriots (2012-2014),7.644973875,-1.29786125299,0.724375547356,2.02864359441,3.76315209372,-1.37073640494,-1.32834952432,-1.53473108013,0.0429581400492,-2.31298392957,-3.88133386797,1.64859620018,1.08503045828,1.69885654053,-2.03177511597,-0.276395723198,1.32804436712,-0.961208573378,1.62914386559,-0.735604265748,-0.00278051979288,-0.44370377516,0.487919053022,0.568596317357,-0.248984247908,-1.23838128571,-0.599122382464,-0.789998155234,-1.24878876942,0.88733785935,12.0
Chicago Bears (2012-2014),-0.835033302638,-5.09191422943,-5.91101456226,-1.17900365999,-4.56454153567,3.20127020912,0.948923322697,-0.581498809125,0.26016251526,2.02742652841,-0.50539657233,3.73261802295,-2.02581654088,0.00107812807325,-0.653663827057,-1.32404792898,0.218658643232,0.725745140783,2.10593255737,0.309054382719,1.49813845149,0.0460388098738,-0.951378671768,0.790712517363,-1.08600751251,-0.960098721151,-0.982221386262,0.925188229175,-1.68946262183,-0.548538886319,6.0
Denver Broncos (2012-2014),12.422426379,-2.61861540549,0.411564864341,0.676467572762,-3.97900545478,3.27901315119,-1.57178778953,0.596677042059,2.05275444003,-3.28488087689,3.08803646382,1.95346180941,-1.43025446806,1.51817637467,1.95118600001,-0.0350858036385,-0.438966835046,-0.610150903703,0.443188270879,-0.100291168758,0.590630251606,-0.688396759038,-1.51708287879,-1.49273421166,1.31370021109,-1.16857476771,-1.19860290389,-1.73882455856,0.525249632471,0.457942422894,12.0
